Ticker,Year,Value
ARION-SDB,2019,0.37435895
ARION-SDB,2022,1.09266
AZA,2000,1.322222
AZA,2004,0.2
AZA,2005,0.3
AZA,2006,0.4
AZA,2007,0.8
AZA,2008,1.2
AZA,2009,1.2
AZA,2010,1.6
AZA,2011,1.9
AZA,2012,2.0
AZA,2013,1.6
AZA,2014,1.6
AZA,2015,1.4
AZA,2016,2.1
AZA,2017,2.1
AZA,2018,2.1
AZA,2019,2.1
AZA,2020,2.3
AZA,2021,6.75
AZA,2022,9.2
AZA,2023,7.5
AZA,2024,11.5
AZA,2025,11.75
SHB-A,2000,1.0
SHB-A,2001,1.333333
SHB-A,2002,1.5
SHB-A,2003,1.583333
SHB-A,2004,1.75
SHB-A,2005,2.0
SHB-A,2006,2.333333
SHB-A,2007,2.666667
SHB-A,2008,4.5
SHB-A,2009,2.333333
SHB-A,2010,2.666667
SHB-A,2011,3.0
SHB-A,2012,3.25
SHB-A,2013,3.583333
SHB-A,2014,5.5
SHB-A,2015,5.833333
SHB-A,2016,6.0
SHB-A,2017,5.0
SHB-A,2018,7.5
SHB-A,2019,5.5
SHB-A,2021,4.1
SHB-A,2022,5.0
SHB-A,2023,8.0
SHB-A,2024,13.0
SHB-A,2025,7.5
SHB-B,2000,1.0
SHB-B,2001,1.333333
SHB-B,2002,1.5
SHB-B,2003,1.583333
SHB-B,2005,2.0
SHB-B,2006,2.333333
SHB-B,2007,2.666667
SHB-B,2008,4.5
SHB-B,2009,2.333333
SHB-B,2010,2.666667
SHB-B,2011,3.0
SHB-B,2012,3.25
SHB-B,2013,3.583333
SHB-B,2014,5.5
SHB-B,2015,5.833333
SHB-B,2016,6.0
SHB-B,2017,5.0
SHB-B,2018,7.5
SHB-B,2019,5.5
SHB-B,2021,4.1
SHB-B,2022,5.0
SHB-B,2023,8.0
SHB-B,2024,13.0
SHB-B,2025,7.5
NDA-SE,2000,1.362609
NDA-SE,2001,1.557267
NDA-SE,2002,1.9680601
NDA-SE,2003,1.9680601
NDA-SE,2004,2.139188
NDA-SE,2005,2.3958912
NDA-SE,2006,2.9948723
NDA-SE,2007,4.192812
NDA-SE,2008,4.2783875
NDA-SE,2009,2.17
NDA-SE,2010,2.42
NDA-SE,2011,3.1869462
NDA-SE,2012,2.857262
NDA-SE,2013,3.7364197
NDA-SE,2014,4.725472
NDA-SE,2015,6.8134713
NDA-SE,2016,7.0332603
NDA-SE,2017,7.143155
NDA-SE,2018,7.4728394
NDA-SE,2019,7.582734
NDA-SE,2021,8.68168125
NDA-SE,2022,7.582734
NDA-SE,2023,8.791575
NDA-SE,2024,10.110312
NDA-SE,2025,10.19
SEB-A,2000,1.800347
SEB-A,2001,2.057539
SEB-A,2002,2.057539
SEB-A,2003,2.057539
SEB-A,2004,2.057539
SEB-A,2005,2.237574
SEB-A,2006,2.443328
SEB-A,2007,3.086309
SEB-A,2008,3.343501
SEB-A,2010,1.0
SEB-A,2011,1.5
SEB-A,2012,1.75
SEB-A,2013,2.75
SEB-A,2014,4.0
SEB-A,2015,4.75
SEB-A,2016,5.25
SEB-A,2017,5.5
SEB-A,2018,5.75
SEB-A,2019,6.5
SEB-A,2021,8.2
SEB-A,2022,6.0
SEB-A,2023,6.75
SEB-A,2024,11.5
SEB-A,2025,8.5
SEB-C,2000,1.775407
SEB-C,2001,2.029037
SEB-C,2002,2.029037
SEB-C,2003,2.029037
SEB-C,2004,2.029037
SEB-C,2005,2.206577
SEB-C,2006,2.409481
SEB-C,2007,3.043555
SEB-C,2008,3.297184
SEB-C,2010,1.0
SEB-C,2011,1.5
SEB-C,2012,1.75
SEB-C,2013,2.75
SEB-C,2014,4.0
SEB-C,2015,4.75
SEB-C,2016,5.25
SEB-C,2017,5.5
SEB-C,2018,5.75
SEB-C,2019,6.5
SEB-C,2021,8.2
SEB-C,2022,6.0
SEB-C,2023,6.75
SEB-C,2024,11.5
SEB-C,2025,8.5
SWED-A,2000,4.135803
SWED-A,2001,4.549384
SWED-A,2002,4.549384
SWED-A,2003,4.549384
SWED-A,2004,4.756174
SWED-A,2005,5.376544
SWED-A,2006,6.203705
SWED-A,2007,6.824075
SWED-A,2008,7.444446
SWED-A,2009,3.722223
SWED-A,2011,2.1
SWED-A,2012,5.3
SWED-A,2013,9.9
SWED-A,2014,10.1
SWED-A,2015,11.35
SWED-A,2016,10.7
SWED-A,2017,13.2
SWED-A,2018,13.0
SWED-A,2019,14.2
SWED-A,2021,14.549999999999999
SWED-A,2022,11.25
SWED-A,2023,9.75
SWED-A,2024,15.15
SWED-A,2025,21.7
AAK,2006,4.833333
AAK,2007,0.666667
AAK,2008,0.666667
AAK,2009,0.666667
AAK,2010,0.708333
AAK,2011,0.75
AAK,2012,0.791667
AAK,2013,0.875
AAK,2014,1.0
AAK,2015,1.125
AAK,2016,1.291667
AAK,2017,1.458333
AAK,2018,1.625
AAK,2019,1.85
AAK,2020,2.1
AAK,2021,2.3
AAK,2022,2.5
AAK,2023,2.75
AAK,2024,3.7
AAK,2025,5.0
AXFO,2000,0.644518
AXFO,2002,0.619729
AXFO,2003,1.239458
AXFO,2004,1.363404
AXFO,2005,2.726808
AXFO,2006,3.718375
AXFO,2007,4.957834
AXFO,2008,2.9747
AXFO,2009,1.983133
AXFO,2010,2.478917
AXFO,2011,2.9747
AXFO,2012,2.9747
AXFO,2013,2.9747
AXFO,2014,3.718375
AXFO,2015,4.214159
AXFO,2016,8.924101
AXFO,2017,5.9494
AXFO,2018,6.940967
AXFO,2019,6.940967
AXFO,2020,7.188859
AXFO,2021,7.43675
AXFO,2022,7.716267
AXFO,2023,8.15
AXFO,2024,8.5
AXFO,2025,8.5
ESSITY-A,2018,5.75
ESSITY-A,2019,5.75
ESSITY-A,2020,6.25
ESSITY-A,2021,6.75
ESSITY-A,2022,7.0
ESSITY-A,2023,7.25
ESSITY-A,2024,7.75
ESSITY-A,2025,8.25
ESSITY-B,2018,5.75
ESSITY-B,2019,5.75
ESSITY-B,2020,6.25
ESSITY-B,2021,6.75
ESSITY-B,2022,7.0
ESSITY-B,2023,7.25
ESSITY-B,2024,7.75
ESSITY-B,2025,8.25
ATRLJ-B,2000,0.075
ATRLJ-B,2001,0.1125
ATRLJ-B,2002,0.15
ATRLJ-B,2003,0.175
ATRLJ-B,2004,0.2
ATRLJ-B,2006,0.275
ATRLJ-B,2007,0.325
ATRLJ-B,2008,0.4
ATRLJ-B,2009,0.4
ATRLJ-B,2010,0.45
ATRLJ-B,2011,0.48
ATRLJ-B,2012,0.52
ATRLJ-B,2013,0.57
ATRLJ-B,2014,0.61
ATRLJ-B,2015,0.66
ATRLJ-B,2016,0.71
ATRLJ-B,2017,0.79
ATRLJ-B,2018,0.9
ATRLJ-B,2019,0.97
ATRLJ-B,2020,1.0
ATRLJ-B,2021,1.01
ATRLJ-B,2022,1.04
ATRLJ-B,2023,1.06
ATRLJ-B,2024,0.7
ATRLJ-B,2025,0.72
BALD-B,2008,0.027778
CAST,2000,0.819981
CAST,2001,1.002199
CAST,2002,1.184417
CAST,2003,1.366635
CAST,2004,1.548853
CAST,2005,1.731071
CAST,2006,1.913289
CAST,2007,2.077285
CAST,2008,2.186616
CAST,2009,2.295947
CAST,2010,2.551052
CAST,2011,2.623939
CAST,2012,2.696827
CAST,2013,2.879045
CAST,2014,3.097706
CAST,2015,3.352812
CAST,2016,3.571473
CAST,2017,4.200224
CAST,2018,4.452238
CAST,2019,5.124272
CAST,2020,5.46029
CAST,2021,5.796308
CAST,2022,6.38434
CAST,2025,2.48
CATE,2007,5.0
CATE,2008,5.25
CATE,2009,5.25
CATE,2010,31.75
CATE,2011,59.0
CATE,2012,2.0
CATE,2013,1.0
CATE,2014,2.0
CATE,2015,3.0
CATE,2016,3.0
CATE,2017,3.5
CATE,2018,4.5
CATE,2019,5.75
CATE,2020,6.5
CATE,2021,7.5
CATE,2022,8.0
CATE,2023,8.26
CATE,2024,8.5
CATE,2025,9.0
CORE-A,2009,0.086711
CORE-A,2010,0.086711
CORE-A,2011,0.090909
CORE-A,2012,0.090909
CORE-A,2013,0.109091
CORE-A,2014,0.127273
CORE-A,2015,0.145455
CORE-A,2016,0.272727
CORE-A,2017,0.318182
CORE-A,2018,0.4
CORE-A,2019,0.45
CORE-A,2020,0.6
CORE-A,2021,0.65
CORE-A,2022,0.4
CORE-A,2023,0.4
CORE-A,2024,0.17
CORE-A,2025,0.07
CORE-B,2018,0.4
CORE-B,2019,0.45
CORE-B,2020,0.6
CORE-B,2021,0.65
CORE-B,2022,0.30000000000000004
CORE-B,2023,0.4
CORE-B,2024,0.17
CORE-B,2025,0.07
CORE-D,2021,15.0
CORE-D,2022,20.0
CORE-D,2023,20.0
CORE-D,2024,20.0
CORE-D,2025,15.0
CORE-PREF,2010,23.5
CORE-PREF,2011,20.0
CORE-PREF,2012,20.0
CORE-PREF,2013,20.0
CORE-PREF,2014,25.0
CORE-PREF,2015,20.0
CORE-PREF,2016,20.0
CORE-PREF,2017,20.0
CORE-PREF,2018,17.5
CORE-PREF,2019,20.0
CORE-PREF,2020,20.0
CORE-PREF,2021,20.0
CORE-PREF,2022,20.0
CORE-PREF,2023,20.0
CORE-PREF,2024,20.0
CORE-PREF,2025,15.0
FABG,2003,1.125
FABG,2004,1.5
FABG,2005,1.625
FABG,2006,1.875
FABG,2007,2.0
FABG,2008,2.0
FABG,2009,1.0
FABG,2010,1.0
FABG,2011,1.5
FABG,2012,1.5
FABG,2013,1.5
FABG,2014,1.5
FABG,2015,1.625
FABG,2016,1.75
FABG,2017,2.0
FABG,2018,2.25
FABG,2019,2.65
FABG,2020,3.2
FABG,2021,3.6
FABG,2022,3.0
FABG,2023,2.8
FABG,2024,1.95
FABG,2025,1.95
FPAR-A,2003,0.163041
FPAR-A,2005,0.211953
FPAR-A,2006,0.407602
FPAR-A,2007,0.52173
FPAR-A,2008,0.570642
FPAR-A,2009,0.570642
FPAR-A,2010,0.652163
FPAR-A,2011,0.749987
FPAR-A,2012,0.815203
FPAR-A,2013,0.896724
FPAR-A,2014,1.010852
FPAR-A,2015,1.141284
FPAR-A,2016,1.222805
FPAR-A,2017,1.333334
FPAR-A,2018,0.953333
FPAR-A,2019,1.6
FPAR-A,2020,1.9
FPAR-A,2021,2.0
FPAR-A,2022,2.2
FPAR-A,2023,1.0
FPAR-A,2024,1.0
FPAR-A,2025,1.1
FPAR-D,2020,3.746994
FPAR-D,2021,4.996994
FPAR-D,2022,10.0
FPAR-D,2023,5.0
FPAR-D,2024,5.0
FPAR-D,2025,5.0
HEM,2022,0.55
HEM,2023,1.0
HEM,2024,1.2
HEM,2025,1.7
HUFV-A,2000,0.85
HUFV-A,2001,0.85
HUFV-A,2002,1.0
HUFV-A,2003,1.1
HUFV-A,2004,1.2
HUFV-A,2005,4.0
HUFV-A,2006,1.45
HUFV-A,2007,11.6
HUFV-A,2008,1.75
HUFV-A,2009,1.9
HUFV-A,2010,2.1
HUFV-A,2011,2.3
HUFV-A,2012,2.45
HUFV-A,2013,2.6
HUFV-A,2014,2.75
HUFV-A,2015,2.9
HUFV-A,2016,3.1
HUFV-A,2017,3.3
HUFV-A,2018,3.5
HUFV-A,2019,3.7
HUFV-A,2020,3.9
HUFV-A,2021,2.5
HUFV-A,2022,2.6
HUFV-A,2023,2.7
HUFV-A,2024,2.7
HUFV-A,2025,2.8
NP3,2015,0.5
NP3,2016,2.15
NP3,2017,2.4
NP3,2018,2.7
NP3,2019,3.0
NP3,2020,3.4
NP3,2021,3.6
NP3,2022,4.3
NP3,2023,3.75
NP3,2024,2.25
NP3,2025,4.4
NP3-PREF,2018,3.899296
NP3-PREF,2019,5.0
NP3-PREF,2020,2.0
NP3-PREF,2021,2.0
NP3-PREF,2022,2.0
NP3-PREF,2023,2.0
NP3-PREF,2024,2.0
NP3-PREF,2025,2.0
NYF,2021,4.0
NYF,2022,3.8
NYF,2023,4.0
NYF,2025,1.4
PNDX-B,2016,3.8
PNDX-B,2017,4.1
PNDX-B,2018,4.4
PNDX-B,2019,4.7
PNDX-B,2023,2.5
PNDX-B,2024,4.0
PNDX-B,2025,4.25
SAGA-A,2011,0.095455
SAGA-A,2012,0.181818
SAGA-A,2013,0.215
SAGA-A,2014,0.275
SAGA-A,2015,0.4
SAGA-A,2016,0.575
SAGA-A,2017,0.725
SAGA-A,2018,0.9
SAGA-A,2019,1.0
SAGA-A,2020,1.3
SAGA-A,2021,1.65
SAGA-A,2022,2.15
SAGA-A,2023,2.7
SAGA-A,2024,3.1
SAGA-A,2025,3.5
SAGA-B,2013,0.215
SAGA-B,2014,0.275
SAGA-B,2015,0.4
SAGA-B,2016,0.575
SAGA-B,2017,0.725
SAGA-B,2018,1.9
SAGA-B,2019,1.0
SAGA-B,2020,1.3
SAGA-B,2021,1.65
SAGA-B,2022,2.15
SAGA-B,2023,2.7
SAGA-B,2024,3.1
SAGA-B,2025,3.5
SAGA-D,2016,0.492424
SAGA-D,2017,1.969696
SAGA-D,2018,1.992424
SAGA-D,2019,2.0
SAGA-D,2020,2.0
SAGA-D,2021,2.0
SAGA-D,2022,2.0
SAGA-D,2023,2.0
SAGA-D,2024,2.0
SAGA-D,2025,1.5
WALL-B,2000,0.020833
WALL-B,2001,0.026667
WALL-B,2002,0.033333
WALL-B,2003,0.066667
WALL-B,2005,0.125
WALL-B,2006,0.166667
WALL-B,2007,0.208333
WALL-B,2008,0.25
WALL-B,2009,0.25
WALL-B,2010,0.045
WALL-B,2011,0.291667
WALL-B,2012,0.3
WALL-B,2013,0.3125
WALL-B,2014,0.5
WALL-B,2015,0.5625
WALL-B,2016,0.75
WALL-B,2017,0.85
WALL-B,2018,0.9
WALL-B,2019,0.95
WALL-B,2020,0.25
WALL-B,2021,0.6
WALL-B,2022,0.6
WALL-B,2023,0.6
WALL-B,2024,0.5
WALL-B,2025,0.5
WIHL,2006,0.4375
WIHL,2007,0.6875
WIHL,2008,0.78125
WIHL,2009,0.8125
WIHL,2010,0.84375
WIHL,2011,0.875
WIHL,2012,0.9375
WIHL,2013,1.0
WIHL,2014,1.0625
WIHL,2015,1.1875
WIHL,2016,1.3125
WIHL,2017,1.4375
WIHL,2018,1.5625
WIHL,2020,2.25
WIHL,2021,2.625
WIHL,2022,3.0
WIHL,2023,3.1
WIHL,2024,3.15
WIHL,2025,3.2
BURE,2000,20.79136
BURE,2001,20.79136
BURE,2002,12.128294
BURE,2008,1.0
BURE,2010,9.8
BURE,2012,0.3
BURE,2013,0.5
BURE,2014,1.0
BURE,2015,1.0
BURE,2016,2.0
BURE,2017,2.0
BURE,2018,2.0
BURE,2019,2.0
BURE,2020,1.0
BURE,2021,2.0
BURE,2022,2.25
BURE,2023,2.25
BURE,2024,2.5
BURE,2025,2.75
INDU-A,2000,3.1
INDU-A,2001,4.2
INDU-A,2002,4.175
INDU-A,2003,2.9
INDU-A,2004,2.75
INDU-A,2005,3.0
INDU-A,2006,3.5
INDU-A,2007,4.5
INDU-A,2008,5.0
INDU-A,2009,4.5
INDU-A,2010,3.0
INDU-A,2011,4.0
INDU-A,2012,4.5
INDU-A,2013,5.0
INDU-A,2014,5.5
INDU-A,2015,6.25
INDU-A,2016,5.0
INDU-A,2017,5.25
INDU-A,2018,5.5
INDU-A,2019,5.75
INDU-A,2021,8.25
INDU-A,2022,6.75
INDU-A,2023,7.25
INDU-A,2024,7.75
INDU-A,2025,8.25
INDU-C,2000,3.1
INDU-C,2001,4.2
INDU-C,2002,4.175
INDU-C,2003,2.9
INDU-C,2004,2.75
INDU-C,2005,3.0
INDU-C,2006,3.5
INDU-C,2007,4.5
INDU-C,2008,5.0
INDU-C,2009,4.5
INDU-C,2010,3.0
INDU-C,2011,4.0
INDU-C,2012,4.5
INDU-C,2013,5.0
INDU-C,2014,5.5
INDU-C,2015,6.25
INDU-C,2016,5.0
INDU-C,2017,5.25
INDU-C,2018,5.5
INDU-C,2019,5.75
INDU-C,2021,8.25
INDU-C,2022,6.75
INDU-C,2023,7.25
INDU-C,2024,7.75
INDU-C,2025,8.25
INVE-A,2000,0.85
INVE-A,2001,1.375
INVE-A,2002,1.375
INVE-A,2003,0.85
INVE-A,2004,0.5625
INVE-A,2005,0.5625
INVE-A,2007,1.125
INVE-A,2008,1.1875
INVE-A,2009,1.0
INVE-A,2010,1.0
INVE-A,2011,1.25
INVE-A,2012,1.5
INVE-A,2013,1.75
INVE-A,2014,2.0
INVE-A,2015,2.25
INVE-A,2016,2.5
INVE-A,2017,2.75
INVE-A,2018,3.0
INVE-A,2019,3.25
INVE-A,2020,2.25
INVE-A,2021,3.5
INVE-A,2022,4.0
INVE-A,2023,4.4
INVE-A,2024,4.8
INVE-A,2025,5.2
INVE-B,2000,0.85
INVE-B,2001,1.375
INVE-B,2002,1.375
INVE-B,2003,0.85
INVE-B,2004,0.5625
INVE-B,2005,0.5625
INVE-B,2006,0.875
INVE-B,2007,1.125
INVE-B,2008,1.1875
INVE-B,2009,1.0
INVE-B,2010,1.0
INVE-B,2011,1.25
INVE-B,2012,1.5
INVE-B,2013,1.75
INVE-B,2014,2.0
INVE-B,2015,2.25
INVE-B,2016,2.5
INVE-B,2017,2.75
INVE-B,2018,3.0
INVE-B,2019,3.25
INVE-B,2020,2.25
INVE-B,2021,3.5
INVE-B,2022,4.0
INVE-B,2023,4.4
INVE-B,2024,4.8
INVE-B,2025,5.2
KINV-A,2000,0.3
KINV-A,2001,0.6
KINV-A,2003,0.3
KINV-A,2005,0.25
KINV-A,2006,1.6
KINV-A,2007,1.7
KINV-A,2008,2.0
KINV-A,2009,2.0
KINV-A,2010,3.0
KINV-A,2011,4.5
KINV-A,2012,5.5
KINV-A,2013,6.5
KINV-A,2014,7.0
KINV-A,2015,7.25
KINV-A,2016,7.75
KINV-A,2017,8.0
KINV-A,2018,8.25
KINV-A,2019,8.25
KINV-A,2020,7.0
KINV-B,2000,0.3
KINV-B,2001,0.6
KINV-B,2002,0.3
KINV-B,2003,0.3
KINV-B,2005,0.25
KINV-B,2006,1.6
KINV-B,2007,1.7
KINV-B,2008,2.0
KINV-B,2009,2.0
KINV-B,2010,3.0
KINV-B,2011,4.5
KINV-B,2012,5.5
KINV-B,2013,6.5
KINV-B,2014,7.0
KINV-B,2015,7.25
KINV-B,2016,7.75
KINV-B,2017,8.0
KINV-B,2018,8.25
KINV-B,2019,8.25
KINV-B,2020,7.0
LATO-B,2000,0.291667
LATO-B,2001,0.408333
LATO-B,2002,0.708333
LATO-B,2003,0.591667
LATO-B,2005,0.5
LATO-B,2006,0.583333
LATO-B,2007,0.708333
LATO-B,2008,1.75
LATO-B,2009,0.9375
LATO-B,2010,1.375
LATO-B,2011,0.9375
LATO-B,2012,1.5
LATO-B,2013,1.25
LATO-B,2014,1.375
LATO-B,2015,1.5
LATO-B,2016,1.6875
LATO-B,2017,2.0
LATO-B,2018,2.25
LATO-B,2019,2.5
LATO-B,2020,1.25
LATO-B,2021,3.0
LATO-B,2022,3.3
LATO-B,2023,3.7
LATO-B,2024,4.1
LATO-B,2025,4.6
LUND-B,2000,1.1875
LUND-B,2001,1.3125
LUND-B,2002,1.4375
LUND-B,2003,1.5
LUND-B,2004,1.625
LUND-B,2005,1.75
LUND-B,2006,1.9375
LUND-B,2007,2.125
LUND-B,2008,2.25
LUND-B,2009,1.5
LUND-B,2010,1.625
LUND-B,2011,1.875
LUND-B,2012,2.0
LUND-B,2013,2.15
LUND-B,2014,2.3
LUND-B,2015,2.5
LUND-B,2016,2.65
LUND-B,2017,2.8
LUND-B,2018,3.0
LUND-B,2019,3.2
LUND-B,2021,3.5
LUND-B,2022,3.75
LUND-B,2023,4.0
LUND-B,2024,4.3
LUND-B,2025,4.6
SAVE,2021,3.2800000000000002
SAVE,2022,5.56
SAVE,2023,4.6
SAVE,2024,7.2
SAVE,2025,8.1
STOR-B,2022,0.07
STOR-B,2023,0.08
STOR-B,2024,0.09
STOR-B,2025,0.1
SAMPO-SDB,2023,6.04968
SAMPO-SDB,2024,3.9569006
SAMPO-SDB,2025,3.72
ALIF-B,2017,0.35694
ALIF-B,2018,0.523512
ALIF-B,2019,0.55
ALIF-B,2020,0.5
ALIF-B,2021,1.5
ALIF-B,2022,2.0
ALIF-B,2024,0.5
ALIF-B,2025,0.75
AZN,2000,5.5327193999999995
AZN,2001,6.0062404
AZN,2002,6.318343199999999
AZN,2003,6.8757258
AZN,2004,7.9189396
AZN,2005,9.7208537
AZN,2006,12.0397067
AZN,2007,11.752652999999999
AZN,2008,11.900331000000001
AZN,2009,18.635638999999998
AZN,2010,18.025024600000002
AZN,2011,21.0093814
AZN,2012,22.6417808
AZN,2013,22.3925603
AZN,2014,21.1713747
AZN,2015,22.741469600000002
AZN,2016,24.134013
AZN,2017,25.155684
AZN,2018,25.171380999999997
AZN,2019,27.252382
AZN,2020,26.915931999999998
AZN,2021,25.1963025
AZN,2022,27.626212000000002
AZN,2023,29.233693000000002
AZN,2024,29.109081
AZN,2025,31.69
BIOA-B,2019,1.5
EKTA-B,2005,0.55
EKTA-B,2006,0.25
EKTA-B,2007,0.25
EKTA-B,2008,0.4375
EKTA-B,2009,0.5
EKTA-B,2010,0.75
EKTA-B,2011,1.0
EKTA-B,2012,1.25
EKTA-B,2013,2.0
EKTA-B,2014,2.0
EKTA-B,2015,0.5
EKTA-B,2016,0.25
EKTA-B,2017,0.75
EKTA-B,2018,1.2
EKTA-B,2019,1.6
EKTA-B,2020,1.8
EKTA-B,2021,2.0
EKTA-B,2022,2.3
EKTA-B,2023,2.4
EKTA-B,2024,2.4
EKTA-B,2025,2.4
GETI-B,2000,0.797557
GETI-B,2001,0.797557
GETI-B,2002,0.854525
GETI-B,2003,0.968462
GETI-B,2004,1.230516
GETI-B,2005,1.503964
GETI-B,2006,1.822987
GETI-B,2007,2.005286
GETI-B,2008,2.219923
GETI-B,2009,2.262761
GETI-B,2010,2.592747
GETI-B,2011,3.064156
GETI-B,2012,3.535564
GETI-B,2013,3.912691
GETI-B,2014,3.912691
GETI-B,2015,2.639888
GETI-B,2016,2.639888
GETI-B,2017,1.885634
GETI-B,2018,1.5
GETI-B,2019,1.0
GETI-B,2020,1.5
GETI-B,2021,3.0
GETI-B,2022,4.0
GETI-B,2023,4.25
GETI-B,2024,4.4
GETI-B,2025,4.6
MCOV-B,2021,0.7692916
MCOV-B,2022,1.3187855
MCOV-B,2023,1.3187855
MCOV-B,2024,1.3187855
MCOV-B,2025,1.64
SECT-B,2005,0.1
SECT-B,2006,0.1
SECT-B,2007,0.1
SECT-B,2008,0.1
SECT-B,2011,1.0
SECT-B,2012,1.0
SECT-B,2013,0.9
SECT-B,2014,0.9
SECT-B,2015,0.9
SECT-B,2016,0.9
SECT-B,2017,0.9
SECT-B,2018,0.9
SECT-B,2019,0.9
SECT-B,2020,0.9
SECT-B,2021,0.9
SECT-B,2022,1.0
SECT-B,2023,1.1
SECT-B,2024,1.1
SECT-B,2025,1.1
VITR,2009,0.08
VITR,2010,0.1
VITR,2011,0.12
VITR,2012,0.12
VITR,2013,0.12
VITR,2014,0.2
VITR,2015,0.3
VITR,2016,0.48
VITR,2017,0.52
VITR,2018,0.74
VITR,2019,0.85
VITR,2021,0.8
VITR,2022,0.8
VITR,2023,0.85
VITR,2024,1.0
VITR,2025,1.1
ABB,2006,1.430214
ABB,2007,2.860428
ABB,2008,5.720856
ABB,2009,5.720856
ABB,2010,6.0784097
ABB,2011,7.1510706
ABB,2012,7.7469926
ABB,2013,8.104547
ABB,2014,8.342916
ABB,2015,6.5551476
ABB,2016,8.8196535
ABB,2017,9.0580225
ABB,2018,9.296391
ABB,2019,9.53476
ABB,2020,9.53476
ABB,2021,9.53476
ABB,2022,9.773129
ABB,2023,10.011498
ABB,2024,10.369052
ABB,2025,10.2
ADDT-B,2002,0.1
ADDT-B,2003,0.125
ADDT-B,2006,0.333333
ADDT-B,2007,0.5
ADDT-B,2008,0.583333
ADDT-B,2009,0.416667
ADDT-B,2010,0.416667
ADDT-B,2011,0.583333
ADDT-B,2012,0.666667
ADDT-B,2013,0.666667
ADDT-B,2014,0.75
ADDT-B,2015,0.8125
ADDT-B,2016,0.8125
ADDT-B,2017,0.875
ADDT-B,2018,1.0
ADDT-B,2019,1.25
ADDT-B,2020,1.0
ADDT-B,2021,1.2
ADDT-B,2022,1.8
ADDT-B,2023,2.5
ADDT-B,2024,2.8
ADDT-B,2025,3.2
AFRY,2000,0.389474
AFRY,2001,1.446619
AFRY,2002,1.446619
AFRY,2003,0.222557
AFRY,2004,0.289324
AFRY,2005,0.289324
AFRY,2006,0.556392
AFRY,2007,0.66767
AFRY,2008,1.446619
AFRY,2009,1.446619
AFRY,2010,1.780454
AFRY,2011,1.780454
AFRY,2012,2.225567
AFRY,2013,2.448124
AFRY,2014,2.893238
AFRY,2015,3.115794
AFRY,2016,3.338351
AFRY,2017,4.006021
AFRY,2018,4.451135
AFRY,2019,5.0
AFRY,2021,5.0
AFRY,2022,5.5
AFRY,2023,5.5
AFRY,2024,5.5
AFRY,2025,6.0
ALFA,2003,0.5
ALFA,2004,1.0
ALFA,2005,1.1875
ALFA,2006,1.275
ALFA,2007,1.5625
ALFA,2008,2.25
ALFA,2009,2.25
ALFA,2010,2.5
ALFA,2011,3.0
ALFA,2012,3.25
ALFA,2013,3.5
ALFA,2014,3.75
ALFA,2015,4.0
ALFA,2016,4.25
ALFA,2017,4.25
ALFA,2018,4.25
ALFA,2019,5.0
ALFA,2021,5.5
ALFA,2022,6.0
ALFA,2023,6.0
ALFA,2024,7.5
ALFA,2025,8.5
ASSA-B,2000,0.25
ASSA-B,2001,0.3
ASSA-B,2002,0.333333
ASSA-B,2003,0.416667
ASSA-B,2004,0.416667
ASSA-B,2005,0.866667
ASSA-B,2006,1.083333
ASSA-B,2007,1.083333
ASSA-B,2008,1.2
ASSA-B,2009,1.2
ASSA-B,2010,1.2
ASSA-B,2011,1.333333
ASSA-B,2012,0.5
ASSA-B,2013,1.7
ASSA-B,2014,1.9
ASSA-B,2015,2.166667
ASSA-B,2016,2.65
ASSA-B,2017,3.0
ASSA-B,2018,3.3
ASSA-B,2019,3.5
ASSA-B,2020,3.85
ASSA-B,2021,3.9
ASSA-B,2022,4.2
ASSA-B,2023,4.8
ASSA-B,2024,5.4
ASSA-B,2025,5.9
ATCO-A,2003,0.239583
ATCO-A,2004,0.3125
ATCO-A,2005,0.375
ATCO-A,2006,0.53125
ATCO-A,2007,0.59375
ATCO-A,2008,0.75
ATCO-A,2009,0.75
ATCO-A,2010,0.75
ATCO-A,2012,1.25
ATCO-A,2013,1.375
ATCO-A,2014,1.375
ATCO-A,2015,1.5
ATCO-A,2016,1.575
ATCO-A,2017,1.7
ATCO-A,2018,3.75
ATCO-A,2019,1.575
ATCO-A,2020,1.75
ATCO-A,2021,1.825
ATCO-A,2022,1.9
ATCO-A,2023,2.3
ATCO-A,2024,2.8
ATCO-A,2025,3.0
ATCO-B,2000,0.197917
ATCO-B,2001,0.21875
ATCO-B,2002,0.229167
ATCO-B,2003,0.239583
ATCO-B,2004,0.3125
ATCO-B,2005,0.375
ATCO-B,2006,0.53125
ATCO-B,2007,0.59375
ATCO-B,2008,0.75
ATCO-B,2009,0.75
ATCO-B,2010,0.75
ATCO-B,2011,1.0
ATCO-B,2012,1.25
ATCO-B,2013,1.375
ATCO-B,2014,1.375
ATCO-B,2015,1.5
ATCO-B,2016,1.575
ATCO-B,2017,1.7
ATCO-B,2018,3.75
ATCO-B,2019,1.575
ATCO-B,2020,1.75
ATCO-B,2021,1.825
ATCO-B,2022,1.1875
ATCO-B,2023,2.3
ATCO-B,2024,2.8
ATCO-B,2025,3.0
BEIJ-B,2000,0.15261
BEIJ-B,2001,0.15261
BEIJ-B,2002,0.076305
BEIJ-B,2003,0.10174
BEIJ-B,2006,0.127175
BEIJ-B,2007,0.165328
BEIJ-B,2008,0.305221
BEIJ-B,2009,0.305221
BEIJ-B,2010,0.330656
BEIJ-B,2011,0.406961
BEIJ-B,2012,0.457831
BEIJ-B,2013,0.483266
BEIJ-B,2014,0.483266
BEIJ-B,2015,0.508701
BEIJ-B,2016,0.534137
BEIJ-B,2017,0.559572
BEIJ-B,2018,0.585007
BEIJ-B,2019,0.915662
BEIJ-B,2020,0.534137
BEIJ-B,2021,0.9156630000000001
BEIJ-B,2022,1.0072290000000002
BEIJ-B,2023,0.94
BEIJ-B,2024,1.3
BEIJ-B,2025,1.4
BRAV,2016,1.0
BRAV,2017,1.25
BRAV,2018,1.55
BRAV,2019,2.0
BRAV,2020,2.25
BRAV,2021,2.5
BRAV,2022,3.0
BRAV,2023,3.25
BRAV,2024,3.5
BRAV,2025,3.75
EPRO-B,2022,0.5
EPRO-B,2023,0.7
EPRO-B,2024,0.8
EPRO-B,2025,0.85
ENGCON-B,2023,0.85
ENGCON-B,2024,0.94
ENGCON-B,2025,1.0
EPI-A,2019,2.1
EPI-A,2020,2.4
EPI-A,2021,5.5
EPI-A,2022,3.0
EPI-A,2023,3.4
EPI-A,2024,3.8
EPI-A,2025,3.8
EPI-B,2019,2.1
EPI-B,2020,2.4
EPI-B,2021,5.5
EPI-B,2022,3.0
EPI-B,2023,3.4
EPI-B,2024,3.8
EPI-B,2025,3.8
INDT,2006,0.305556
INDT,2007,0.416667
INDT,2008,0.583333
INDT,2009,0.711111
INDT,2010,0.477778
INDT,2011,0.566667
INDT,2012,0.75
INDT,2013,0.783333
INDT,2014,0.783333
INDT,2015,0.861111
INDT,2016,1.0
INDT,2017,1.066667
INDT,2018,1.25
INDT,2019,1.5
INDT,2021,1.8
INDT,2022,2.3
INDT,2023,2.6
INDT,2024,2.85
INDT,2025,3.0
LIFCO-B,2015,0.52
LIFCO-B,2016,0.6
LIFCO-B,2017,0.7
LIFCO-B,2018,0.8
LIFCO-B,2019,0.92
LIFCO-B,2020,1.05
LIFCO-B,2021,1.2
LIFCO-B,2022,1.5
LIFCO-B,2023,1.8
LIFCO-B,2024,2.1
LIFCO-B,2025,2.4
LIAB,2007,3.25
LIAB,2008,5.25
LIAB,2009,2.75
LIAB,2011,1.0
LIAB,2012,1.0
LIAB,2015,1.1
LIAB,2016,1.25
LIAB,2017,1.4
LIAB,2018,1.55
LIAB,2019,1.75
LIAB,2020,1.75
LIAB,2021,3.4
LIAB,2022,4.0
LIAB,2023,5.2
LIAB,2024,5.4
LIAB,2025,5.4
LOOMIS,2009,2.25
LOOMIS,2010,2.65
LOOMIS,2011,3.5
LOOMIS,2012,3.75
LOOMIS,2013,4.5
LOOMIS,2014,5.0
LOOMIS,2015,6.0
LOOMIS,2016,7.0
LOOMIS,2017,8.0
LOOMIS,2018,9.0
LOOMIS,2019,10.0
LOOMIS,2020,5.5
LOOMIS,2021,6.0
LOOMIS,2022,8.5
LOOMIS,2023,12.0
LOOMIS,2024,12.5
LOOMIS,2025,14.0
MTRS,2018,0.3
MTRS,2021,0.7
MTRS,2022,0.85
MTRS,2023,0.95
MTRS,2024,1.3
MTRS,2025,1.6
NCC-A,2000,11.0
NCC-A,2001,4.5
NCC-A,2002,2.25
NCC-A,2003,2.75
NCC-A,2005,14.5
NCC-A,2006,15.5
NCC-A,2007,18.0
NCC-A,2008,21.0
NCC-A,2009,4.0
NCC-A,2010,6.0
NCC-A,2011,10.0
NCC-A,2012,10.0
NCC-A,2013,10.0
NCC-A,2014,12.0
NCC-A,2015,12.0
NCC-A,2016,3.0
NCC-A,2017,8.0
NCC-A,2018,8.0
NCC-A,2019,4.0
NCC-A,2020,2.5
NCC-A,2021,5.0
NCC-A,2022,6.0
NCC-A,2023,6.0
NCC-A,2024,8.0
NCC-A,2025,9.0
NCC-B,2000,11.0
NCC-B,2001,4.5
NCC-B,2002,2.25
NCC-B,2003,2.75
NCC-B,2005,14.5
NCC-B,2006,15.5
NCC-B,2007,18.0
NCC-B,2008,21.0
NCC-B,2009,4.0
NCC-B,2010,6.0
NCC-B,2011,10.0
NCC-B,2012,10.0
NCC-B,2013,10.0
NCC-B,2014,12.0
NCC-B,2015,12.0
NCC-B,2016,3.0
NCC-B,2017,8.0
NCC-B,2018,8.0
NCC-B,2019,4.0
NCC-B,2020,2.5
NCC-B,2021,5.0
NCC-B,2022,6.0
NCC-B,2023,6.0
NCC-B,2024,8.0
NCC-B,2025,9.0
NIBE-B,2000,0.011175
NIBE-B,2001,0.013969
NIBE-B,2002,0.015832
NIBE-B,2003,0.020488
NIBE-B,2004,0.027566
NIBE-B,2005,0.044702
NIBE-B,2006,0.044702
NIBE-B,2007,0.068543
NIBE-B,2008,0.068543
NIBE-B,2009,0.068543
NIBE-B,2010,0.077483
NIBE-B,2011,0.104304
NIBE-B,2012,0.119205
NIBE-B,2013,0.119205
NIBE-B,2014,0.140065
NIBE-B,2015,0.160926
NIBE-B,2016,0.199668
NIBE-B,2017,0.22
NIBE-B,2018,0.2625
NIBE-B,2019,0.325
NIBE-B,2020,0.35
NIBE-B,2021,0.3875
NIBE-B,2022,0.5
NIBE-B,2023,0.65
NIBE-B,2024,0.65
NIBE-B,2025,0.3
NOLA-B,2000,0.193208
NOLA-B,2001,0.175644
NOLA-B,2003,0.05
NOLA-B,2004,0.08
NOLA-B,2005,0.175
NOLA-B,2006,0.24
NOLA-B,2007,0.24
NOLA-B,2008,0.3
NOLA-B,2009,0.275
NOLA-B,2010,0.3
NOLA-B,2011,0.6
NOLA-B,2012,0.5
NOLA-B,2013,0.6
NOLA-B,2014,0.8
NOLA-B,2015,0.85
NOLA-B,2016,1.0
NOLA-B,2017,1.05
NOLA-B,2018,1.25
NOLA-B,2019,1.4
NOLA-B,2021,1.6
NOLA-B,2022,1.9
NOLA-B,2023,1.9
NOLA-B,2024,1.5
NOLA-B,2025,1.5
OEM-B,2000,0.208333
OEM-B,2001,0.25
OEM-B,2002,0.25
OEM-B,2003,0.25
OEM-B,2005,0.305556
OEM-B,2006,0.388889
OEM-B,2007,0.472222
OEM-B,2008,0.5
OEM-B,2009,0.5
OEM-B,2010,0.333333
OEM-B,2011,0.5
OEM-B,2012,0.583333
OEM-B,2013,0.625
OEM-B,2014,0.666667
OEM-B,2015,0.708333
OEM-B,2016,0.833333
OEM-B,2017,0.916667
OEM-B,2018,1.0
OEM-B,2019,1.125
OEM-B,2021,1.25
OEM-B,2022,4.625
OEM-B,2023,1.5
OEM-B,2024,1.75
OEM-B,2025,1.75
PEAB-B,2000,0.4
PEAB-B,2001,0.65
PEAB-B,2002,1.05
PEAB-B,2003,1.1
PEAB-B,2005,1.25
PEAB-B,2006,1.5
PEAB-B,2007,1.75
PEAB-B,2008,2.25
PEAB-B,2009,2.25
PEAB-B,2010,2.5
PEAB-B,2011,2.6
PEAB-B,2012,2.1
PEAB-B,2013,1.6
PEAB-B,2014,1.8
PEAB-B,2015,2.25
PEAB-B,2016,2.6
PEAB-B,2017,3.6
PEAB-B,2018,4.0
PEAB-B,2019,4.2
PEAB-B,2021,4.5
PEAB-B,2022,5.0
PEAB-B,2023,4.0
PEAB-B,2024,1.5
PEAB-B,2025,2.75
SAAB-B,2000,0.577758
SAAB-B,2001,0.693309
SAAB-B,2002,0.751085
SAAB-B,2003,0.808861
SAAB-B,2004,0.808861
SAAB-B,2005,0.866637
SAAB-B,2006,0.924413
SAAB-B,2007,0.982188
SAAB-B,2008,1.039964
SAAB-B,2009,0.404431
SAAB-B,2010,0.519982
SAAB-B,2011,0.808861
SAAB-B,2012,1.039964
SAAB-B,2013,1.039964
SAAB-B,2014,1.039964
SAAB-B,2015,1.09774
SAAB-B,2016,1.155516
SAAB-B,2017,1.213292
SAAB-B,2018,1.271067
SAAB-B,2019,1.125
SAAB-B,2021,1.175
SAAB-B,2022,1.225
SAAB-B,2023,1.325
SAAB-B,2024,1.6
SAAB-B,2025,2.0
SAND,2001,1.8
SAND,2002,1.9
SAND,2003,2.0
SAND,2004,2.1
SAND,2005,2.2
SAND,2006,2.7
SAND,2007,3.25
SAND,2008,4.0
SAND,2009,3.15
SAND,2010,1.0
SAND,2011,3.0
SAND,2012,3.25
SAND,2013,3.5
SAND,2014,3.5
SAND,2015,3.5
SAND,2016,2.5
SAND,2017,2.75
SAND,2018,3.5
SAND,2019,3.0
SAND,2021,6.5
SAND,2022,4.75
SAND,2023,5.0
SAND,2024,5.5
SAND,2025,5.75
SECU-B,2000,0.831502
SECU-B,2001,0.997803
SECU-B,2002,1.247253
SECU-B,2003,1.663004
SECU-B,2004,1.663004
SECU-B,2005,2.494506
SECU-B,2006,2.910257
SECU-B,2007,2.577657
SECU-B,2008,2.577657
SECU-B,2009,2.411356
SECU-B,2010,2.494506
SECU-B,2011,2.494506
SECU-B,2012,2.494506
SECU-B,2013,2.494506
SECU-B,2014,2.494506
SECU-B,2015,2.494506
SECU-B,2016,2.910257
SECU-B,2017,3.118133
SECU-B,2018,3.326009
SECU-B,2019,3.658609
SECU-B,2020,3.99121
SECU-B,2021,3.326009
SECU-B,2022,3.658609
SECU-B,2023,3.45
SECU-B,2024,3.8
SECU-B,2025,4.5
SKA-B,2000,4.0
SKA-B,2001,3.375
SKA-B,2002,3.0
SKA-B,2003,2.0
SKA-B,2004,3.0
SKA-B,2005,4.0
SKA-B,2006,6.5
SKA-B,2007,8.25
SKA-B,2008,8.25
SKA-B,2009,5.25
SKA-B,2010,6.25
SKA-B,2011,12.0
SKA-B,2012,6.0
SKA-B,2013,6.0
SKA-B,2014,6.25
SKA-B,2015,6.75
SKA-B,2016,7.5
SKA-B,2017,8.25
SKA-B,2018,8.25
SKA-B,2019,6.0
SKA-B,2020,3.25
SKA-B,2021,9.5
SKA-B,2022,10.0
SKA-B,2023,7.5
SKA-B,2024,5.5
SKA-B,2025,8.0
SWEC-A,2000,0.076357
SWEC-A,2002,0.76357
SWEC-A,2003,0.445416
SWEC-A,2004,0.190893
SWEC-A,2005,0.254523
SWEC-A,2006,0.34997
SWEC-A,2007,0.477231
SWEC-A,2008,0.636308
SWEC-A,2009,0.636308
SWEC-A,2010,1.272616
SWEC-A,2011,0.954463
SWEC-A,2012,0.954463
SWEC-A,2013,1.034001
SWEC-A,2014,1.034001
SWEC-A,2015,1.11354
SWEC-A,2016,1.166667
SWEC-A,2017,1.433333
SWEC-A,2018,1.666667
SWEC-A,2019,1.833333
SWEC-A,2020,2.066666
SWEC-A,2021,2.2
SWEC-A,2022,2.45
SWEC-A,2023,2.7
SWEC-A,2024,2.95
SWEC-A,2025,3.3
SWEC-B,2000,0.076837
SWEC-B,2001,0.320153
SWEC-B,2002,0.768368
SWEC-B,2003,0.448215
SWEC-B,2004,0.192092
SWEC-B,2005,0.256123
SWEC-B,2006,0.352169
SWEC-B,2007,0.48023
SWEC-B,2008,0.640307
SWEC-B,2009,0.640307
SWEC-B,2010,0.640307
SWEC-B,2011,0.96046
SWEC-B,2012,0.96046
SWEC-B,2013,1.040498
SWEC-B,2014,1.040498
SWEC-B,2015,1.120536
SWEC-B,2016,1.166667
SWEC-B,2017,1.433333
SWEC-B,2018,1.666667
SWEC-B,2019,1.833333
SWEC-B,2020,2.066666
SWEC-B,2021,2.2
SWEC-B,2022,2.45
SWEC-B,2023,2.7
SWEC-B,2024,2.95
SWEC-B,2025,3.3
SYSR,2008,0.375
SYSR,2009,0.1875
SYSR,2010,0.3125
SYSR,2011,0.4375
SYSR,2012,0.3125
SYSR,2013,0.375
SYSR,2014,0.75
SYSR,2015,0.5
SYSR,2016,0.5
SYSR,2017,0.5
SYSR,2018,0.5
SYSR,2019,0.5
SYSR,2021,0.75
SYSR,2023,1.1
SYSR,2024,1.2
SYSR,2025,1.35
8TRA,2020,10.99173
8TRA,2021,2.7479324
8TRA,2022,5.495865
8TRA,2023,7.6942105
8TRA,2024,16.487595
8TRA,2025,18.52
TREL-B,2000,1.481801
TREL-B,2001,1.70977
TREL-B,2002,1.823755
TREL-B,2003,1.93774
TREL-B,2004,2.051724
TREL-B,2005,2.279694
TREL-B,2006,2.507663
TREL-B,2007,2.735633
TREL-B,2008,2.963602
TREL-B,2010,0.5
TREL-B,2011,1.75
TREL-B,2012,2.5
TREL-B,2013,3.0
TREL-B,2014,3.25
TREL-B,2015,3.75
TREL-B,2016,4.0
TREL-B,2017,4.25
TREL-B,2018,4.5
TREL-B,2019,4.75
TREL-B,2021,5.0
TREL-B,2022,5.5
TREL-B,2023,6.0
TREL-B,2024,6.75
TREL-B,2025,7.5
VOLV-A,2000,1.4
VOLV-A,2001,1.6
VOLV-A,2002,1.6
VOLV-A,2003,1.6
VOLV-A,2004,1.6
VOLV-A,2005,2.5
VOLV-A,2006,3.35
VOLV-A,2007,5.0
VOLV-A,2008,5.5
VOLV-A,2009,2.0
VOLV-A,2011,2.5
VOLV-A,2012,3.0
VOLV-A,2013,3.0
VOLV-A,2014,3.0
VOLV-A,2015,3.0
VOLV-A,2016,3.0
VOLV-A,2017,3.25
VOLV-A,2018,4.25
VOLV-A,2019,10.0
VOLV-A,2021,24.5
VOLV-A,2022,13.0
VOLV-A,2023,14.0
VOLV-A,2024,18.0
VOLV-A,2025,8.0
VOLV-B,2000,1.4
VOLV-B,2001,1.6
VOLV-B,2002,1.6
VOLV-B,2003,1.6
VOLV-B,2004,1.6
VOLV-B,2005,2.5
VOLV-B,2006,3.35
VOLV-B,2007,5.0
VOLV-B,2008,5.5
VOLV-B,2009,2.0
VOLV-B,2011,2.5
VOLV-B,2012,3.0
VOLV-B,2013,3.0
VOLV-B,2014,3.0
VOLV-B,2015,3.0
VOLV-B,2016,3.0
VOLV-B,2017,3.25
VOLV-B,2018,4.25
VOLV-B,2019,10.0
VOLV-B,2021,24.5
VOLV-B,2022,13.0
VOLV-B,2023,14.0
VOLV-B,2024,18.0
VOLV-B,2025,8.0
ALLEI,2023,1.4
ALLEI,2024,2.0
ALLEI,2025,2.3
BILL,2002,1.856245
BILL,2003,3.447313
BILL,2004,3.447313
BILL,2005,3.447313
BILL,2006,1.723656
BILL,2007,1.856245
BILL,2008,1.856245
BILL,2010,0.37485
BILL,2011,2.623951
BILL,2012,2.623951
BILL,2013,1.863155
BILL,2014,2.09605
BILL,2015,2.93447
BILL,2016,3.959205
BILL,2017,4.005784
BILL,2018,4.005784
BILL,2019,4.005784
BILL,2020,4.005784
BILL,2021,4.005784
BILL,2022,4.005784
BILL,2023,7.5
BILL,2024,2.0
BILL,2025,3.5
BOL,2006,2.0
BOL,2007,4.0
BOL,2008,4.0
BOL,2009,1.0
BOL,2010,3.0
BOL,2011,5.0
BOL,2012,4.0
BOL,2013,4.0
BOL,2014,1.75
BOL,2015,2.25
BOL,2016,3.25
BOL,2017,5.25
BOL,2018,14.0
BOL,2019,13.0
BOL,2020,7.0
BOL,2021,14.25
BOL,2022,26.0
BOL,2023,26.5
BOL,2024,7.5
GRNG,2015,1.329885
GRNG,2016,1.77318
GRNG,2017,2.127816
GRNG,2018,2.65977
GRNG,2019,2.837088
GRNG,2021,1.1
GRNG,2022,2.25
GRNG,2023,2.5
GRNG,2024,3.0
GRNG,2025,3.2
HPOL-B,2010,0.090408
HPOL-B,2011,0.3
HPOL-B,2012,0.5
HPOL-B,2013,0.6
HPOL-B,2014,0.9
HPOL-B,2015,1.2
HPOL-B,2016,1.7
HPOL-B,2017,4.75
HPOL-B,2018,1.95
HPOL-B,2019,2.25
HPOL-B,2020,2.3
HPOL-B,2021,2.3
HPOL-B,2022,6.0
HPOL-B,2023,3.6
HPOL-B,2024,6.0
HPOL-B,2025,4.2
HOLM-A,2000,5.5
HOLM-A,2001,34.5
HOLM-A,2002,5.0
HOLM-A,2003,5.5
HOLM-A,2007,6.0
HOLM-A,2008,6.0
HOLM-A,2009,4.5
HOLM-A,2010,3.5
HOLM-A,2011,3.5
HOLM-A,2012,4.0
HOLM-A,2013,4.5
HOLM-A,2014,4.5
HOLM-A,2015,5.0
HOLM-A,2016,5.25
HOLM-A,2017,6.0
HOLM-A,2018,6.5
HOLM-A,2019,6.75
HOLM-A,2020,3.5
HOLM-A,2021,10.75
HOLM-A,2022,11.5
HOLM-A,2023,16.0
HOLM-A,2024,11.5
HOLM-A,2025,9.0
HOLM-B,2000,5.5
HOLM-B,2001,34.5
HOLM-B,2002,5.0
HOLM-B,2003,5.5
HOLM-B,2004,20.0
HOLM-B,2005,5.0
HOLM-B,2006,5.5
HOLM-B,2007,6.0
HOLM-B,2008,6.0
HOLM-B,2009,4.5
HOLM-B,2010,3.5
HOLM-B,2011,3.5
HOLM-B,2012,4.0
HOLM-B,2013,4.5
HOLM-B,2014,4.5
HOLM-B,2015,5.0
HOLM-B,2016,5.25
HOLM-B,2017,6.0
HOLM-B,2018,6.5
HOLM-B,2019,6.75
HOLM-B,2020,3.5
HOLM-B,2021,10.75
HOLM-B,2022,11.5
HOLM-B,2023,16.0
HOLM-B,2024,11.5
HOLM-B,2025,9.0
LUG,2022,1.8966601
LUG,2023,3.79332016
LUG,2024,5.68998028
LUG,2025,22.28
LUMI,2017,0.40449598
LUMI,2018,0.80899196
LUMI,2019,0.80899196
LUMI,2020,1.078656
LUMI,2021,2.62922411
LUMI,2022,3.16855215
LUMI,2023,2.4269762
LUMI,2024,2.4269762
LUMI,2025,0.75
SCA-A,2001,2.583333
SCA-A,2002,2.916667
SCA-A,2003,3.2
SCA-A,2004,3.5
SCA-A,2005,3.5
SCA-A,2006,3.666667
SCA-A,2007,4.0
SCA-A,2008,4.4
SCA-A,2009,3.5
SCA-A,2010,3.7
SCA-A,2011,4.0
SCA-A,2012,4.2
SCA-A,2013,4.5
SCA-A,2014,4.75
SCA-A,2015,5.25
SCA-A,2016,5.75
SCA-A,2017,6.0
SCA-A,2018,1.5
SCA-A,2019,1.75
SCA-A,2022,3.25
SCA-A,2023,2.5
SCA-A,2024,2.75
SCA-A,2025,3.0
SCA-B,2000,2.266667
SCA-B,2001,2.583333
SCA-B,2002,2.916667
SCA-B,2003,3.2
SCA-B,2004,3.5
SCA-B,2005,3.5
SCA-B,2006,3.666667
SCA-B,2007,4.0
SCA-B,2008,4.4
SCA-B,2009,3.5
SCA-B,2010,3.7
SCA-B,2011,4.0
SCA-B,2012,4.2
SCA-B,2013,4.5
SCA-B,2014,4.75
SCA-B,2015,5.25
SCA-B,2016,5.75
SCA-B,2017,6.0
SCA-B,2018,1.5
SCA-B,2019,1.75
SCA-B,2022,3.25
SCA-B,2023,2.5
SCA-B,2024,2.75
SCA-B,2025,3.0
SKF-A,2000,1.0
SKF-A,2001,1.3125
SKF-A,2002,1.5
SKF-A,2003,2.0
SKF-A,2004,2.5
SKF-A,2005,3.0
SKF-A,2006,4.0
SKF-A,2007,4.5
SKF-A,2008,5.0
SKF-A,2009,3.5
SKF-A,2010,3.5
SKF-A,2011,5.0
SKF-A,2012,5.5
SKF-A,2013,5.5
SKF-A,2014,5.5
SKF-A,2015,5.5
SKF-A,2016,5.5
SKF-A,2017,5.5
SKF-A,2018,5.5
SKF-A,2019,6.0
SKF-A,2020,3.0
SKF-A,2021,6.5
SKF-A,2022,7.0
SKF-A,2023,7.0
SKF-A,2024,7.5
SKF-A,2025,7.75
SKF-B,2000,1.0
SKF-B,2001,1.3125
SKF-B,2002,1.5
SKF-B,2003,2.0
SKF-B,2004,2.5
SKF-B,2005,3.0
SKF-B,2006,4.0
SKF-B,2007,4.5
SKF-B,2008,5.0
SKF-B,2009,3.5
SKF-B,2010,3.5
SKF-B,2011,5.0
SKF-B,2012,5.5
SKF-B,2013,5.5
SKF-B,2014,5.5
SKF-B,2015,5.5
SKF-B,2016,5.5
SKF-B,2017,5.5
SKF-B,2018,5.5
SKF-B,2019,6.0
SKF-B,2020,3.0
SKF-B,2021,6.5
SKF-B,2022,7.0
SKF-B,2023,7.0
SKF-B,2024,7.5
SKF-B,2025,7.75
SSAB-A,2000,0.971362
SSAB-A,2001,1.079291
SSAB-A,2002,1.079291
SSAB-A,2003,1.29515
SSAB-A,2004,1.29515
SSAB-A,2005,1.618937
SSAB-A,2006,1.942725
SSAB-A,2007,2.914087
SSAB-A,2008,3.538553
SSAB-A,2009,2.830842
SSAB-A,2010,0.707711
SSAB-A,2011,1.415421
SSAB-A,2012,1.415421
SSAB-A,2013,0.707711
SSAB-A,2018,1.0
SSAB-A,2019,1.5
SSAB-A,2022,5.25
SSAB-A,2023,8.7
SSAB-A,2024,5.0
SSAB-A,2025,2.6
SSAB-B,2000,1.013015
SSAB-B,2001,1.125573
SSAB-B,2002,1.125573
SSAB-B,2003,1.350687
SSAB-B,2004,1.350687
SSAB-B,2005,1.688359
SSAB-B,2006,2.026031
SSAB-B,2007,3.039046
SSAB-B,2008,3.662196
SSAB-B,2009,2.929757
SSAB-B,2010,0.732439
SSAB-B,2011,1.464878
SSAB-B,2012,1.464878
SSAB-B,2013,0.732439
SSAB-B,2018,1.0
SSAB-B,2019,1.5
SSAB-B,2022,5.25
SSAB-B,2023,8.7
SSAB-B,2024,5.0
SSAB-B,2025,2.6
STE-A,2000,3.2934
STE-A,2001,4.9463325
STE-A,2002,4.9463325
STE-A,2003,4.9463325
STE-A,2004,4.9463325
STE-A,2005,4.9463325
STE-A,2006,4.9463325
STE-A,2007,4.9463325
STE-A,2009,2.14
STE-A,2010,0.33862
STE-A,2011,2.22
STE-A,2012,3.2975552
STE-A,2013,3.2975552
STE-A,2014,2.73
STE-A,2015,2.81
STE-A,2016,3.6273105
STE-A,2017,4.0669847
STE-A,2018,4.21808
STE-A,2019,5.205
STE-A,2020,3.09534
STE-A,2021,3.2975552
STE-A,2022,5.76494
STE-A,2023,6.7155
STE-A,2024,2.19837
STE-A,2025,2.64
STE-R,2000,3.2934
STE-R,2001,4.94563
STE-R,2002,4.94563
STE-R,2003,4.94563
STE-R,2004,4.94563
STE-R,2005,4.94563
STE-R,2007,4.94563
STE-R,2009,2.198058
STE-R,2010,1.59
STE-R,2011,2.22
STE-R,2012,2.67
STE-R,2013,2.58
STE-R,2014,2.73
STE-R,2015,2.81
STE-R,2016,3.6267958
STE-R,2017,4.066407
STE-R,2018,4.5060186
STE-R,2019,5.495145
STE-R,2020,3.2145884999999996
STE-R,2021,3.04245
STE-R,2022,5.76494
STE-R,2023,73.80529
STE-R,2024,2.198058
STE-R,2025,2.64
TROAX,2016,1.0
TROAX,2017,1.25
TROAX,2018,1.416667
TROAX,2019,1.666667
TROAX,2020,1.099038
TROAX,2021,2.198076
TROAX,2022,3.2971141
TROAX,2023,3.5169215
TROAX,2024,3.7367294
TROAX,2025,3.72
ALIV-SDB,2000,4.236903
ALIV-SDB,2001,4.172564
ALIV-SDB,2002,4.172564
ALIV-SDB,2003,2.6552681
ALIV-SDB,2004,7.1123251
ALIV-SDB,2005,4.74155
ALIV-SDB,2006,9.862424
ALIV-SDB,2007,10.34
ALIV-SDB,2008,8.1463
ALIV-SDB,2009,1.75668
ALIV-SDB,2010,4.47
ALIV-SDB,2011,16.405763
ALIV-SDB,2012,17.923059
ALIV-SDB,2013,18.9662
ALIV-SDB,2014,20.1041728
ALIV-SDB,2015,21.0524824
ALIV-SDB,2016,20.275736000000002
ALIV-SDB,2017,10.8698603
ALIV-SDB,2018,23.3284263
ALIV-SDB,2019,23.518088
ALIV-SDB,2020,5.879522
ALIV-SDB,2021,17.828228
ALIV-SDB,2022,24.4663983
ALIV-SDB,2023,25.2250472
ALIV-SDB,2024,25.9836949
ALIV-SDB,2025,30.03
BETS-B,2007,0.166667
BETS-B,2010,5.1
BETS-B,2011,2.675
BETS-B,2012,3.133333
BETS-B,2018,2.84
BETS-B,2019,3.89
BETS-B,2020,2.88
BETS-B,2021,3.68
BETS-B,2022,1.97
BETS-B,2023,5.07
BETS-B,2024,7.3144071
BETS-B,2025,7.22
BILI-A,2000,0.875
BILI-A,2001,0.9375
BILI-A,2002,1.0
BILI-A,2003,1.0625
BILI-A,2004,1.125
BILI-A,2005,1.875
BILI-A,2006,2.0
BILI-A,2007,2.0
BILI-A,2008,2.0
BILI-A,2010,0.75
BILI-A,2011,4.0
BILI-A,2012,2.375
BILI-A,2013,1.5
BILI-A,2014,2.25
BILI-A,2015,3.0
BILI-A,2016,3.75
BILI-A,2017,4.0
BILI-A,2018,4.5
BILI-A,2019,4.75
BILI-A,2021,6.0
BILI-A,2022,6.0
BILI-A,2023,8.600000000000001
BILI-A,2024,7.15
BILI-A,2025,5.85
DOM,2017,1.85
DOM,2018,2.05
DOM,2019,2.15
DOM,2021,2.3
DOM,2022,2.45
DOM,2023,1.3
DOM,2024,1.9
DOM,2025,1.3
ELUX-A,2000,3.5
ELUX-A,2002,4.5
ELUX-A,2003,6.0
ELUX-A,2004,6.5
ELUX-A,2005,7.0
ELUX-A,2006,7.5
ELUX-A,2007,4.0
ELUX-A,2008,4.25
ELUX-A,2010,4.0
ELUX-A,2011,6.5
ELUX-A,2012,6.5
ELUX-A,2013,6.5
ELUX-A,2014,6.5
ELUX-A,2015,6.5
ELUX-A,2016,6.5
ELUX-A,2017,7.5
ELUX-A,2018,8.3
ELUX-A,2019,8.5
ELUX-A,2020,7.0
ELUX-A,2021,25.0
ELUX-A,2022,9.2
ELUX-B,2000,3.5
ELUX-B,2001,4.0
ELUX-B,2002,4.5
ELUX-B,2003,6.0
ELUX-B,2004,6.5
ELUX-B,2005,7.0
ELUX-B,2006,7.5
ELUX-B,2007,4.0
ELUX-B,2008,4.25
ELUX-B,2010,4.0
ELUX-B,2011,6.5
ELUX-B,2012,6.5
ELUX-B,2013,6.5
ELUX-B,2014,6.5
ELUX-B,2015,6.5
ELUX-B,2016,6.5
ELUX-B,2017,7.5
ELUX-B,2018,8.3
ELUX-B,2019,8.5
ELUX-B,2020,7.0
ELUX-B,2021,25.0
ELUX-B,2022,9.2
EVO,2016,0.70334786
EVO,2017,9.541793
EVO,2018,1.9781659
EVO,2019,2.6375544
EVO,2020,4.6157203
EVO,2021,7.473071
EVO,2022,15.60553
EVO,2023,21.97962
EVO,2024,29.122997
EVO,2025,30.5
FOI-B,2015,4.0
FOI-B,2016,5.0
FOI-B,2017,8.0
FOI-B,2019,12.0
FOI-B,2021,24.0
FOI-B,2022,20.0
FOI-B,2023,15.0
FOI-B,2024,15.0
FOI-B,2025,15.0
HM-B,2000,0.675
HM-B,2001,0.675
HM-B,2002,0.875
HM-B,2003,3.0
HM-B,2004,3.0
HM-B,2005,4.0
HM-B,2006,4.75
HM-B,2007,5.75
HM-B,2008,7.0
HM-B,2009,7.75
HM-B,2010,8.0
HM-B,2011,9.5
HM-B,2012,9.5
HM-B,2013,9.5
HM-B,2014,9.5
HM-B,2015,9.75
HM-B,2016,9.75
HM-B,2017,9.75
HM-B,2018,9.75
HM-B,2019,9.75
HM-B,2021,6.5
HM-B,2022,6.5
HM-B,2023,6.5
HM-B,2024,6.5
HM-B,2025,6.8
HUSQ-A,2007,1.482331
HUSQ-A,2008,1.92703
HUSQ-A,2010,1.0
HUSQ-A,2011,1.5
HUSQ-A,2012,1.5
HUSQ-A,2013,1.5
HUSQ-A,2014,1.5
HUSQ-A,2015,1.6500000000000001
HUSQ-A,2016,1.6500000000000001
HUSQ-A,2017,1.9500000000000002
HUSQ-A,2018,2.25
HUSQ-A,2019,2.25
HUSQ-A,2020,2.25
HUSQ-A,2021,2.4000000000000004
HUSQ-A,2022,3.0
HUSQ-A,2023,3.0
HUSQ-A,2024,3.0
HUSQ-A,2025,1.0
HUSQ-B,2007,1.460565
HUSQ-B,2008,1.898734
HUSQ-B,2010,1.0
HUSQ-B,2011,1.5
HUSQ-B,2012,1.5
HUSQ-B,2013,1.5
HUSQ-B,2014,1.5
HUSQ-B,2015,1.6500000000000001
HUSQ-B,2016,1.6500000000000001
HUSQ-B,2017,1.9500000000000002
HUSQ-B,2018,2.25
HUSQ-B,2019,2.25
HUSQ-B,2020,2.25
HUSQ-B,2021,2.4000000000000004
HUSQ-B,2022,3.0
HUSQ-B,2023,3.0
HUSQ-B,2024,3.0
HUSQ-B,2025,1.0
JM,2002,3.5
JM,2003,2.5
JM,2004,1.25
JM,2005,1.75
JM,2006,2.5
JM,2007,4.5
JM,2008,5.5
JM,2010,2.5
JM,2011,4.5
JM,2012,6.5
JM,2013,6.75
JM,2014,7.25
JM,2015,8.0
JM,2016,8.25
JM,2017,9.5
JM,2018,11.0
JM,2019,12.0
JM,2020,12.5
JM,2021,12.75
JM,2022,13.5
JM,2023,14.0
JM,2024,3.0
JM,2025,3.25
MIPS,2019,2.5
MIPS,2020,3.0
MIPS,2021,3.5
MIPS,2022,5.0
MIPS,2023,5.5
MIPS,2024,6.0
MIPS,2025,6.5
NEWA-B,2000,0.121785
NEWA-B,2001,0.152231
NEWA-B,2002,0.182677
NEWA-B,2003,0.213124
NEWA-B,2005,0.375
NEWA-B,2006,0.45
NEWA-B,2007,0.5
NEWA-B,2008,0.5
NEWA-B,2009,0.09
NEWA-B,2010,0.125
NEWA-B,2011,0.5
NEWA-B,2012,0.5
NEWA-B,2013,0.5
NEWA-B,2014,0.5
NEWA-B,2015,0.5
NEWA-B,2016,0.5
NEWA-B,2017,0.675
NEWA-B,2018,0.85
NEWA-B,2019,1.0
NEWA-B,2021,2.0
NEWA-B,2022,2.125
NEWA-B,2023,4.87
NEWA-B,2024,3.5
NEWA-B,2025,3.5
THULE,2015,2.0
THULE,2016,2.5
THULE,2017,10.899999999999999
THULE,2018,6.0
THULE,2019,7.0
THULE,2021,15.5
THULE,2022,13.0
THULE,2023,9.2
THULE,2024,9.5
THULE,2025,8.3
ANOD-B,2007,0.825
ANOD-B,2008,0.25
ANOD-B,2009,0.375
ANOD-B,2010,0.375
ANOD-B,2011,0.375
ANOD-B,2012,0.5625
ANOD-B,2013,0.5625
ANOD-B,2014,0.5625
ANOD-B,2015,0.5625
ANOD-B,2016,0.5625
ANOD-B,2017,0.5625
ANOD-B,2018,0.5625
ANOD-B,2019,0.625
ANOD-B,2020,0.75
ANOD-B,2021,0.625
ANOD-B,2022,0.75
ANOD-B,2023,1.0
ANOD-B,2024,1.0
ANOD-B,2025,1.15
HEXA-B,2000,0.0637
HEXA-B,2001,0.0637
HEXA-B,2002,0.0637
HEXA-B,2003,0.058604
HEXA-B,2004,0.058604
HEXA-B,2005,0.07644
HEXA-B,2006,0.12522
HEXA-B,2007,0.2087
HEXA-B,2008,0.294267
HEXA-B,2009,0.06261
HEXA-B,2010,0.150264
HEXA-B,2011,0.2
HEXA-B,2012,0.26694736
HEXA-B,2013,0.4396728
HEXA-B,2014,0.48678377
HEXA-B,2015,0.549591
HEXA-B,2016,0.57
HEXA-B,2017,0.660086
HEXA-B,2018,0.8322347
HEXA-B,2019,0.9264565
HEXA-B,2020,0.97355646
HEXA-B,2021,1.0206676
HEXA-B,2022,1.2091002
HEXA-B,2023,1.3190184
HEXA-B,2024,1.4289366
HEXA-B,2025,1.52
LAGR-B,2002,0.1
LAGR-B,2003,0.1
LAGR-B,2006,0.111111
LAGR-B,2007,0.138889
LAGR-B,2008,0.166667
LAGR-B,2009,0.166667
LAGR-B,2010,0.166667
LAGR-B,2011,0.25
LAGR-B,2012,0.305556
LAGR-B,2013,0.361111
LAGR-B,2014,0.444444
LAGR-B,2015,0.5
LAGR-B,2016,0.583333
LAGR-B,2017,0.666667
LAGR-B,2018,1.333334
LAGR-B,2019,0.833333
LAGR-B,2020,0.666667
LAGR-B,2021,1.0
LAGR-B,2022,1.3
LAGR-B,2023,1.6
LAGR-B,2024,1.9
LAGR-B,2025,2.2
MYCR,2014,2.5
MYCR,2015,2.0
MYCR,2016,2.0
MYCR,2017,1.0
MYCR,2018,1.25
MYCR,2019,1.5
MYCR,2020,1.0
MYCR,2021,1.5
MYCR,2022,1.5
MYCR,2023,1.75
MYCR,2024,2.25
MYCR,2025,2.75
NCAB,2019,0.45
NCAB,2021,1.5
NCAB,2022,0.6
NCAB,2023,1.1
NCAB,2024,1.1
TIETOS,2000,5.3850217
TIETOS,2001,5.3850217
TIETOS,2002,10.98984
TIETOS,2003,5.49492
TIETOS,2004,10.98984
TIETOS,2005,10.98984
TIETOS,2006,9.341364
TIETOS,2007,13.187808
TIETOS,2008,5.49492
TIETOS,2009,5.49492
TIETOS,2010,5.49492
TIETOS,2011,7.692888
TIETOS,2012,8.24238
TIETOS,2013,9.121567
TIETOS,2014,9.890856
TIETOS,2015,14.286791
TIETOS,2016,14.836284
TIETOS,2017,15.05608
TIETOS,2018,15.385776
TIETOS,2019,15.935267
TIETOS,2020,6.978548
TIETOS,2021,14.506589
TIETOS,2022,15.385776
TIETOS,2023,15.9352674
TIETOS,2024,16.155064
TIETOS,2025,16.51
TRUE-B,2024,1.7
TRUE-B,2025,0.37
VIT-B,2005,0.07
VIT-B,2006,0.09
VIT-B,2007,0.1
VIT-B,2008,0.12
VIT-B,2009,0.15
VIT-B,2010,0.2
VIT-B,2011,0.25
VIT-B,2012,0.4
VIT-B,2013,0.5
VIT-B,2014,0.55
VIT-B,2015,0.67
VIT-B,2016,0.9
VIT-B,2017,1.0
VIT-B,2018,1.1
VIT-B,2019,1.2
VIT-B,2020,1.0125000000000002
VIT-B,2021,1.5675
VIT-B,2022,1.91
VIT-B,2023,2.21
VIT-B,2024,2.82
VIT-B,2025,2.55
ERIC-A,2000,1.715737
ERIC-A,2001,1.715737
ERIC-A,2005,1.25
ERIC-A,2006,2.25
ERIC-A,2007,2.5
ERIC-A,2008,2.5
ERIC-A,2009,1.85
ERIC-A,2010,2.0
ERIC-A,2011,2.25
ERIC-A,2012,2.5
ERIC-A,2013,2.75
ERIC-A,2014,3.0
ERIC-A,2015,3.4
ERIC-A,2016,3.7
ERIC-A,2017,1.0
ERIC-A,2018,1.0
ERIC-A,2019,1.0
ERIC-A,2020,1.5
ERIC-A,2021,2.0
ERIC-A,2022,2.5
ERIC-A,2023,2.7
ERIC-A,2024,2.7
ERIC-A,2025,2.84
ERIC-B,2000,1.805576
ERIC-B,2001,1.805576
ERIC-B,2005,1.25
ERIC-B,2006,2.25
ERIC-B,2007,2.5
ERIC-B,2008,2.5
ERIC-B,2009,1.85
ERIC-B,2010,2.0
ERIC-B,2011,2.25
ERIC-B,2012,2.5
ERIC-B,2013,2.75
ERIC-B,2014,3.0
ERIC-B,2015,3.4
ERIC-B,2016,3.7
ERIC-B,2017,1.0
ERIC-B,2018,1.0
ERIC-B,2019,1.0
ERIC-B,2020,1.5
ERIC-B,2021,2.0
ERIC-B,2022,2.5
ERIC-B,2023,2.7
ERIC-B,2024,2.7
ERIC-B,2025,2.84
HMS,2008,0.25
HMS,2009,0.375
HMS,2010,0.25
HMS,2011,0.5
HMS,2012,0.5625
HMS,2013,0.5625
HMS,2014,0.5625
HMS,2015,0.625
HMS,2016,0.625
HMS,2017,1.0
HMS,2018,1.5
HMS,2019,1.8
HMS,2021,2.0
HMS,2022,3.0
HMS,2023,4.0
HMS,2024,4.4
TEL2-A,2005,1.18942
TEL2-A,2006,1.665189
TEL2-A,2007,1.741312
TEL2-A,2008,2.99734
TEL2-A,2009,4.757682
TEL2-A,2010,5.566488
TEL2-A,2011,25.69148
TEL2-A,2012,12.369973
TEL2-A,2013,33.398926
TEL2-A,2014,4.18676
TEL2-A,2015,14.130315
TEL2-A,2016,5.090719
TEL2-A,2017,5.23
TEL2-A,2018,4.0
TEL2-A,2019,10.4
TEL2-A,2020,9.0
TEL2-A,2021,9.0
TEL2-A,2022,19.75
TEL2-A,2023,6.8
TEL2-A,2024,6.9
TEL2-A,2025,6.3
TEL2-B,2004,0.722716
TEL2-B,2005,1.204527
TEL2-B,2006,1.686337
TEL2-B,2007,1.763427
TEL2-B,2008,3.035407
TEL2-B,2009,4.818107
TEL2-B,2010,5.637185
TEL2-B,2011,26.017776
TEL2-B,2012,12.527078
TEL2-B,2013,6.841712
TEL2-B,2014,4.239934
TEL2-B,2015,14.309777
TEL2-B,2016,5.155374
TEL2-B,2017,5.23
TEL2-B,2018,4.0
TEL2-B,2019,10.4
TEL2-B,2020,9.0
TEL2-B,2021,9.0
TEL2-B,2022,19.75
TEL2-B,2023,6.8
TEL2-B,2024,6.9
TEL2-B,2025,6.3
TELIA,2001,0.5
TELIA,2002,0.2
TELIA,2003,0.4
TELIA,2004,1.0
TELIA,2005,1.2
TELIA,2006,3.5
TELIA,2007,6.3
TELIA,2008,4.0
TELIA,2009,1.8
TELIA,2010,2.25
TELIA,2011,2.75
TELIA,2012,2.85
TELIA,2013,2.85
TELIA,2014,3.0
TELIA,2015,3.0
TELIA,2016,3.0
TELIA,2017,2.0
TELIA,2018,2.3
TELIA,2019,2.36
TELIA,2020,2.45
TELIA,2021,2.0
TELIA,2022,2.05
TELIA,2023,1.5
TELIA,2024,2.0
TELIA,2025,2.0
TFBANK,2017,0.733333
TFBANK,2018,0.75
TFBANK,2019,0.766667
TFBANK,2021,0.333333
TFBANK,2022,0.333333
TFBANK,2025,1.666667
CLA-B,2010,0.46125
CLA-B,2011,0.3075
CLA-B,2016,0.5
CLA-B,2017,0.75
CLA-B,2018,1.5
CLA-B,2019,1.0
CLA-B,2020,0.5
CLA-B,2021,0.75
CLA-B,2022,1.0
CLA-B,2023,1.0
CLA-B,2024,1.0
CLA-B,2025,1.1
DUNI,2008,1.8
DUNI,2009,1.8
DUNI,2010,2.5
DUNI,2011,3.5
DUNI,2012,3.5
DUNI,2013,3.5
DUNI,2014,4.0
DUNI,2015,4.5
DUNI,2016,5.0
DUNI,2017,5.0
DUNI,2018,5.0
DUNI,2019,5.0
DUNI,2023,3.0
DUNI,2024,5.0
DUNI,2025,5.0
SCST,2015,1.3
SCST,2016,1.8
SCST,2017,1.35
SCST,2018,1.8
SCST,2019,2.0
SCST,2021,1.25
SCST,2023,1.15
SCST,2024,2.3
SCST,2025,2.5
EOLU-B,2011,0.5
EOLU-B,2012,1.0
EOLU-B,2013,1.0
EOLU-B,2014,1.5
EOLU-B,2015,1.5
EOLU-B,2016,3.0
EOLU-B,2017,1.5
EOLU-B,2018,1.5
EOLU-B,2019,1.5
EOLU-B,2020,1.5
EOLU-B,2021,2.0
EOLU-B,2022,1.5
EOLU-B,2023,1.5
EOLU-B,2024,2.25
EOLU-B,2025,2.25
MER,2025,1.4
ORRON,2018,4.0
ORRON,2019,10.47
ORRON,2020,12.65
ORRON,2021,11.63
ORRON,2022,9.39
BESQAB-PREF-B,2021,3.75
BESQAB-PREF-B,2022,3.75
BESQAB-PREF-B,2023,5.62
BESQAB-PREF-B,2024,7.5
BESQAB-PREF-B,2025,5.63
CIBUS,2018,4.396124
CIBUS,2019,9.012054
CIBUS,2020,9.6714725
CIBUS,2021,10.2209883
CIBUS,2022,11.21011626
CIBUS,2023,10.11108523
CIBUS,2024,9.891279
CIBUS,2025,8.1328294
DIOS,2007,0.8421
DIOS,2008,1.071764
DIOS,2009,1.071764
DIOS,2010,1.339705
DIOS,2011,1.372407
DIOS,2012,0.862656
DIOS,2013,1.803735
DIOS,2014,1.803735
DIOS,2015,2.235063
DIOS,2016,2.235063
DIOS,2017,2.0
DIOS,2018,2.9
DIOS,2019,3.0
DIOS,2020,1.65
DIOS,2021,3.3
DIOS,2022,2.64
DIOS,2023,2.38
DIOS,2024,0.5
DIOS,2025,1.6500000000000001
EAST,2011,0.2
EAST,2012,0.2
EAST,2016,0.4
EAST,2017,0.225
EAST,2018,0.525
EAST,2019,0.575
EAST,2020,0.675
EAST,2021,0.5625
EAST,2022,0.75
EAST,2023,0.825
EAST,2024,1.0825
EAST,2025,1.19
EMIL-B,2025,1.0
EMIL-PREF,2022,2.0
EMIL-PREF,2023,2.0
EMIL-PREF,2024,2.0
EMIL-PREF,2025,1.5
GPG,2025,0.66
HEBA-B,2000,0.179167
HEBA-B,2001,0.2
HEBA-B,2002,0.291667
HEBA-B,2003,0.283333
HEBA-B,2006,0.291667
HEBA-B,2007,0.641667
HEBA-B,2008,0.233333
HEBA-B,2009,0.225
HEBA-B,2010,0.25
HEBA-B,2011,0.275
HEBA-B,2012,0.25
HEBA-B,2013,0.275
HEBA-B,2014,0.3
HEBA-B,2015,0.325
HEBA-B,2016,0.375
HEBA-B,2017,0.4
HEBA-B,2018,0.45
HEBA-B,2019,0.55
HEBA-B,2020,0.6
HEBA-B,2021,0.65
HEBA-B,2022,0.8
HEBA-B,2023,0.45
HEBA-B,2024,0.52
HEBA-B,2025,0.52
LOGI-A,2009,1.964874
LOGI-A,2010,2.292353
LOGI-A,2011,2.947311
LOGI-A,2012,1.964874
LOGI-A,2013,0.982437
LOGI-A,2015,0.654958
LOGI-A,2016,0.982437
LOGI-A,2017,0.654958
LOGI-A,2025,0.1
LOGI-B,2025,0.1
NIVI-B,2025,0.48
PLAZ-B,2014,0.552435
PLAZ-B,2015,0.690544
PLAZ-B,2016,0.920725
PLAZ-B,2017,1.1
PLAZ-B,2018,1.5
PLAZ-B,2019,1.7
PLAZ-B,2020,2.0
PLAZ-B,2021,2.1
PLAZ-B,2022,2.2
PLAZ-B,2023,2.3
PLAZ-B,2024,2.0
PLAZ-B,2025,2.1
SBB-B,2018,0.099789
SBB-B,2019,0.249473
SBB-B,2020,0.44999999999999996
SBB-B,2021,0.9
SBB-B,2022,1.24
SBB-B,2023,1.53
SBB-B,2024,1.2
SBB-D,2019,1.47675
SBB-D,2020,2.0
SBB-D,2021,2.0
SBB-D,2022,2.0
SBB-D,2023,0.5
SBB-D,2024,4.0
STEF-B,2016,2.0
STEF-B,2017,1.4
STEF-B,2018,2.12
STEF-B,2019,1.12
SFAST,2025,0.2
TRIAN-B,2019,0.2875
TRIAN-B,2021,0.45
TRIAN-B,2022,0.5
CAT-A,2000,1.5
CAT-A,2001,0.5
CAT-A,2015,0.2
CAT-A,2016,0.6
CAT-A,2017,0.8
CAT-A,2018,1.0
CAT-A,2019,1.2
CAT-A,2021,0.9
CAT-A,2022,1.0
CAT-A,2023,1.2
CAT-A,2024,0.9
CAT-A,2025,0.9
CAT-B,2000,1.5
CAT-B,2001,0.5
CAT-B,2015,0.2
CAT-B,2016,0.6
CAT-B,2018,1.0
CAT-B,2019,1.2
CAT-B,2021,0.9
CAT-B,2022,1.0
CAT-B,2023,1.2
CAT-B,2024,0.9
CAT-B,2025,0.9
CS,2024,6.10654186
CS,2025,3.88
CRED-A,2017,1.4
CRED-A,2018,1.4
CRED-A,2019,1.4
CRED-A,2020,2.0999999999999996
CRED-A,2021,1.4
CRED-A,2022,1.4
CRED-A,2023,1.4
CRED-A,2024,1.55
CRED-A,2025,1.6
HOFI,2016,0.75
HOFI,2017,1.3
HOFI,2018,1.9
HOFI,2025,2.0
INTRUM,2003,1.0
INTRUM,2006,2.25
INTRUM,2007,2.75
INTRUM,2008,3.25
INTRUM,2009,3.5
INTRUM,2010,3.75
INTRUM,2011,4.1
INTRUM,2012,4.5
INTRUM,2013,5.0
INTRUM,2014,5.75
INTRUM,2015,7.0
INTRUM,2016,8.25
INTRUM,2017,9.0
INTRUM,2018,9.5
INTRUM,2019,9.5
INTRUM,2020,11.0
INTRUM,2021,12.0
INTRUM,2022,13.5
INTRUM,2023,13.5
RATO-A,2000,1.125
RATO-A,2001,1.375
RATO-A,2002,1.5625
RATO-A,2003,1.6875
RATO-A,2005,2.125
RATO-A,2006,2.25
RATO-A,2007,5.5
RATO-A,2008,4.5
RATO-A,2009,4.5
RATO-A,2010,4.75
RATO-A,2011,5.25
RATO-A,2012,5.5
RATO-A,2013,3.0
RATO-A,2014,3.0
RATO-A,2015,3.25
RATO-A,2016,3.25
RATO-A,2017,4.0
RATO-A,2018,2.0
RATO-A,2019,0.5
RATO-A,2020,0.65
RATO-A,2021,0.95
RATO-A,2022,1.2
RATO-A,2023,0.84
RATO-A,2024,1.25
RATO-A,2025,1.35
RATO-B,2000,1.125
RATO-B,2001,1.375
RATO-B,2002,1.5625
RATO-B,2003,1.6875
RATO-B,2004,1.8125
RATO-B,2005,2.125
RATO-B,2006,2.25
RATO-B,2007,5.5
RATO-B,2008,4.5
RATO-B,2009,4.5
RATO-B,2010,4.75
RATO-B,2011,5.25
RATO-B,2012,5.5
RATO-B,2013,3.0
RATO-B,2014,3.0
RATO-B,2015,3.25
RATO-B,2016,3.25
RATO-B,2017,4.0
RATO-B,2018,2.0
RATO-B,2019,0.5
RATO-B,2020,0.65
RATO-B,2021,0.95
RATO-B,2022,1.2
RATO-B,2023,0.84
RATO-B,2024,1.25
RATO-B,2025,1.35
SVOL-A,2000,0.6875
SVOL-A,2001,0.4375
SVOL-A,2002,0.28125
SVOL-A,2003,0.28125
SVOL-A,2006,0.46875
SVOL-A,2007,1.0
SVOL-A,2009,0.375
SVOL-A,2010,0.5
SVOL-A,2011,0.4125
SVOL-A,2012,0.4125
SVOL-A,2013,0.2625
SVOL-A,2014,0.28125
SVOL-A,2015,0.3125
SVOL-A,2016,0.34375
SVOL-A,2017,0.40625
SVOL-A,2018,0.5
SVOL-A,2019,0.5375
SVOL-A,2020,0.55
SVOL-A,2021,0.625
SVOL-A,2022,0.9
SVOL-A,2023,1.0
SVOL-A,2024,1.7
SVOL-B,2000,0.6875
SVOL-B,2001,0.4375
SVOL-B,2002,0.28125
SVOL-B,2003,0.28125
SVOL-B,2004,0.3
SVOL-B,2006,0.46875
SVOL-B,2007,1.0
SVOL-B,2009,0.375
SVOL-B,2010,0.5
SVOL-B,2011,0.4125
SVOL-B,2012,0.4125
SVOL-B,2013,0.2625
SVOL-B,2014,0.28125
SVOL-B,2015,0.3125
SVOL-B,2016,0.34375
SVOL-B,2017,0.40625
SVOL-B,2018,0.5
SVOL-B,2019,0.5375
SVOL-B,2020,0.55
SVOL-B,2021,0.625
SVOL-B,2022,0.9
SVOL-B,2023,1.0
SVOL-B,2024,1.7
TRAC-B,2001,1.05
TRAC-B,2002,1.283333
TRAC-B,2003,0.5
TRAC-B,2004,0.8
TRAC-B,2005,0.933333
TRAC-B,2006,0.933333
TRAC-B,2007,1.1
TRAC-B,2008,1.85
TRAC-B,2009,2.5
TRAC-B,2010,1.85
TRAC-B,2011,1.85
TRAC-B,2012,2.35
TRAC-B,2013,3.1
TRAC-B,2014,2.45
TRAC-B,2015,2.0
TRAC-B,2016,2.55
TRAC-B,2017,2.15
TRAC-B,2018,2.75
TRAC-B,2019,3.6
TRAC-B,2020,4.2
TRAC-B,2021,2.0
TRAC-B,2022,4.85
TRAC-B,2023,8.8
TRAC-B,2024,10.45
TRAC-B,2025,9.0
ORES,2000,1.375
ORES,2001,1.791667
ORES,2002,1.958333
ORES,2003,1.666667
ORES,2004,1.75
ORES,2006,2.125
ORES,2007,2.5
ORES,2008,3.375
ORES,2009,4.0
ORES,2010,3.0
ORES,2011,2.25
ORES,2015,3.75
ORES,2016,4.5
ORES,2017,4.75
ORES,2019,5.5
ORES,2020,6.0
ORES,2021,6.0
ORES,2022,6.5
ORES,2023,6.8
ORES,2024,7.0
ORES,2025,7.2
AMBEA,2018,0.903084
AMBEA,2019,1.1
AMBEA,2021,1.15
AMBEA,2022,1.15
AMBEA,2023,1.25
AMBEA,2024,1.5
AMBEA,2025,2.2
ARJO-B,2018,0.5
ARJO-B,2019,0.55
ARJO-B,2020,0.65
ARJO-B,2021,0.85
ARJO-B,2022,1.15
ARJO-B,2023,0.85
ARJO-B,2024,0.9
ARJO-B,2025,0.95
ATT,2016,0.54
ATT,2017,1.22
ATT,2018,1.27
ATT,2019,0.6
ATT,2024,1.0
ATT,2025,1.2
BIOG-B,2009,0.08
BIOG-B,2010,0.3
BIOG-B,2011,0.4
BIOG-B,2012,1.2
BIOG-B,2013,2.0
BIOG-B,2014,1.4
BIOG-B,2015,1.0
BIOG-B,2016,1.0
BIOG-B,2017,1.5
BIOG-B,2018,1.8
BIOG-B,2019,2.0
BIOG-B,2020,0.75
BIOG-B,2021,0.682
BIOG-B,2022,2.984
BIOG-B,2023,2.9
BIOG-B,2024,6.9
BIOG-B,2025,1.95
CEVI,2012,0.4
CEVI,2013,0.4
CEVI,2014,0.5
CEVI,2015,1.0
CEVI,2016,1.5
CEVI,2017,1.5
CEVI,2018,1.5
CEVI,2019,1.5
CEVI,2021,0.75
CEVI,2022,2.0
CEVI,2023,2.25
CEVI,2024,2.25
CEVI,2025,2.5
HUM,2017,0.5
HUM,2019,0.7
HUM,2025,1.0
RAY-B,2008,0.166667
RAY-B,2010,0.5
RAY-B,2011,0.5
RAY-B,2016,0.25
RAY-B,2024,2.0
RAY-B,2025,3.0
ALIG,2016,1.368226
ALIG,2017,1.194521
ALIG,2018,1.717123
ALIG,2019,2.053082
ALIG,2020,1.306507
ALIG,2021,2.239726
ALIG,2022,2.463699
ALIG,2023,1.82
ALIG,2024,2.5
ALIG,2025,3.0
AQ,2005,0.1
AQ,2006,0.2
AQ,2007,0.22
AQ,2008,0.22
AQ,2009,0.22
AQ,2010,0.22
AQ,2011,0.22
AQ,2012,0.26
AQ,2013,0.26
AQ,2014,0.32
AQ,2015,0.4
AQ,2016,0.45
AQ,2017,0.55
AQ,2018,0.55
AQ,2019,0.55
AQ,2022,0.666
AQ,2023,0.666
AQ,2024,1.332
AQ,2025,1.6
BERG-B,2000,4.25
BERG-B,2001,5.0
BERG-B,2002,1.75
BERG-B,2003,2.0
BERG-B,2005,2.75
BERG-B,2006,3.5
BERG-B,2007,4.0
BERG-B,2008,5.0
BERG-B,2009,2.5
BERG-B,2010,2.5
BERG-B,2011,3.0
BERG-B,2012,3.0
BERG-B,2013,3.0
BERG-B,2014,3.5
BERG-B,2015,4.0
BERG-B,2016,5.0
BERG-B,2017,5.0
BERG-B,2018,2.5
BERG-B,2019,3.0
BERG-B,2020,1.5
BERG-B,2021,3.0
BERG-B,2022,3.4
BERG-B,2023,3.6
BERG-B,2024,3.8
BERG-B,2025,4.0
BTS-B,2002,0.166667
BTS-B,2003,0.166667
BTS-B,2004,0.2
BTS-B,2005,0.533333
BTS-B,2006,0.916667
BTS-B,2007,1.0
BTS-B,2008,1.2
BTS-B,2009,1.2
BTS-B,2010,1.2
BTS-B,2011,1.5
BTS-B,2012,1.6
BTS-B,2013,1.75
BTS-B,2014,1.75
BTS-B,2015,1.75
BTS-B,2016,2.35
BTS-B,2017,2.5
BTS-B,2018,2.8
BTS-B,2019,3.6
BTS-B,2020,3.6
BTS-B,2021,1.2
BTS-B,2022,4.8
BTS-B,2023,5.4
BTS-B,2024,5.7
BTS-B,2025,6.1
BUFAB,2015,0.3
BUFAB,2016,0.34
BUFAB,2017,0.4
BUFAB,2018,0.45
BUFAB,2019,0.5
BUFAB,2021,0.55
BUFAB,2022,0.75
BUFAB,2023,0.95
BUFAB,2024,1.0
BUFAB,2025,1.05
AJA-B,2016,0.53
AJA-B,2017,0.15
AJA-B,2018,0.1625
AJA-B,2019,0.7
AJA-B,2020,0.2
AJA-B,2022,0.5
AJA-B,2023,1.1
AJA-B,2024,1.3
AJA-B,2025,0.43
CCC,2012,0.22832961
CCC,2013,0.57083
CCC,2014,0.57083
CCC,2015,0.57083
CCC,2017,0.57083
CCC,2018,0.22832961
COOR,2016,2.0
COOR,2017,3.0
COOR,2018,4.0
COOR,2019,4.0
COOR,2021,4.4
COOR,2022,4.8
COOR,2023,7.199999999999999
COOR,2024,2.4
COOR,2025,1.0
CTT,2015,0.4
CTT,2016,0.7
CTT,2017,2.1
CTT,2018,2.75
CTT,2019,4.05
CTT,2020,4.05
CTT,2021,1.74
CTT,2022,0.79
CTT,2023,4.05
CTT,2024,8.7
CTT,2025,5.35
ELAN-B,2000,3.8027
ELAN-B,2001,3.8027
ELAN-B,2002,0.845044
ELAN-B,2005,1.690089
ELAN-B,2006,2.112611
ELAN-B,2007,2.235147
ELAN-B,2008,4.023264
ELAN-B,2012,0.447029
ELAN-B,2013,0.536435
ELAN-B,2014,0.715247
ELAN-B,2015,1.016721
ELAN-B,2016,2.033443
ELAN-B,2017,2.6
ELAN-B,2018,2.6
ELAN-B,2019,2.9
ELAN-B,2021,3.1
ELAN-B,2022,3.6
ELAN-B,2023,4.15
ELAN-B,2024,4.15
ELAN-B,2025,4.15
EPEN,2002,0.72583
EPEN,2003,0.798413
EPEN,2004,0.798413
EPEN,2005,0.870996
EPEN,2006,0.943579
EPEN,2007,1.669409
EPEN,2008,1.161328
EPEN,2009,1.161328
EPEN,2010,1.161328
EPEN,2011,1.741992
EPEN,2012,1.959741
EPEN,2013,1.088745
EPEN,2014,1.088745
EPEN,2015,1.088745
EPEN,2016,1.088745
EPEN,2019,0.5
EPEN,2022,0.5
EPEN,2023,0.5
EPEN,2024,1.0
EPEN,2025,1.25
EWRK,2009,1.1
EWRK,2010,0.75
EWRK,2011,1.15
EWRK,2012,1.85
EWRK,2013,2.5
EWRK,2014,2.5
EWRK,2015,4.5
EWRK,2016,3.25
EWRK,2017,4.0
EWRK,2018,4.5
EWRK,2019,4.5
EWRK,2021,6.5
EWRK,2022,5.0
EWRK,2023,6.5
EWRK,2024,7.0
EWRK,2025,7.0
FAG,2000,0.193738
FAG,2001,0.217956
FAG,2002,0.26639
FAG,2003,0.290607
FAG,2006,0.339042
FAG,2007,0.363259
FAG,2008,0.435911
FAG,2009,0.53278
FAG,2010,0.290607
FAG,2011,0.339042
FAG,2012,0.629649
FAG,2013,0.629649
FAG,2014,0.702301
FAG,2015,0.871822
FAG,2016,1.017126
FAG,2017,1.307733
FAG,2018,1.743644
FAG,2019,2.0
FAG,2021,0.5
FAG,2022,1.3
FAG,2023,1.6
FAG,2024,1.8
FAG,2025,1.4
FG,2021,0.6
FG,2022,1.2
FG,2023,1.7
FG,2024,1.7
FMM-B,2019,1.0
FMM-B,2020,1.166667
FMM-B,2021,1.5
FMM-B,2022,2.5
FMM-B,2023,2.5
FMM-B,2024,2.5
FMM-B,2025,2.0
HANZA,2019,0.25
HANZA,2021,0.25
HANZA,2022,0.5
HANZA,2023,0.75
HANZA,2024,1.2
HANZA,2025,0.8
INSTAL,2018,0.22
INSTAL,2019,0.3
INSTAL,2020,0.46
INSTAL,2021,0.54
INSTAL,2022,0.65
INSTAL,2023,0.66
INSTAL,2024,0.68
INSTAL,2025,0.68
IVSO,2017,0.5
IVSO,2018,0.6
IVSO,2019,0.7
IVSO,2020,0.85
IVSO,2021,0.7
IVSO,2022,0.7
IVSO,2023,0.7
IVSO,2024,1.3
IVSO,2025,2.3
INWI,2015,2.0
INWI,2016,2.5
INWI,2017,3.5
INWI,2018,3.5
INWI,2019,2.5
INWI,2021,4.5
INWI,2022,6.15
INWI,2023,6.5
INWI,2024,6.5
INWI,2025,5.5
ITAB,2005,0.067107
ITAB,2006,0.080529
ITAB,2007,0.107372
ITAB,2008,0.107372
ITAB,2009,0.134215
ITAB,2010,0.134215
ITAB,2011,0.134215
ITAB,2012,0.161058
ITAB,2013,0.268429
ITAB,2014,0.322115
ITAB,2015,0.536859
ITAB,2016,1.073718
ITAB,2017,1.127404
ITAB,2018,1.127404
ITAB,2023,0.5
ITAB,2024,0.75
KAR,2020,0.45
KAR,2021,1.0
MILDEF,2022,0.75
MILDEF,2024,0.5
MILDEF,2025,0.5
MMGR-B,2023,1.0
MMGR-B,2024,1.1
MMGR-B,2025,1.3
NMAN,2008,0.833333
NMAN,2009,0.833333
NMAN,2011,0.5
NMAN,2012,1.083333
NMAN,2013,1.333333
NMAN,2014,1.333333
NMAN,2015,1.333333
NMAN,2016,1.666667
NMAN,2017,1.833333
NMAN,2018,2.0
NMAN,2019,2.3
NMAN,2021,1.0
NMAN,2022,3.5
NMAN,2023,3.75
NMAN,2024,3.95
NMAN,2025,4.0
REJL-B,2007,1.275261
REJL-B,2008,2.125435
REJL-B,2009,2.125435
REJL-B,2010,1.275261
REJL-B,2011,1.487804
REJL-B,2012,2.550522
REJL-B,2013,2.550522
REJL-B,2014,1.700348
REJL-B,2015,1.700348
REJL-B,2016,1.700348
REJL-B,2018,0.5
REJL-B,2019,1.0
REJL-B,2020,1.5
REJL-B,2021,3.5
REJL-B,2022,3.0
REJL-B,2023,4.5
REJL-B,2024,4.5
REJL-B,2025,5.0
SDIP-B,2022,6.0
SDIP-B,2023,2.0
SDIP-PREF,2015,8.0
SDIP-PREF,2016,8.01
SDIP-PREF,2017,8.0
SDIP-PREF,2018,8.0
SDIP-PREF,2019,8.0
SDIP-PREF,2020,8.0
SDIP-PREF,2021,8.0
SDIP-PREF,2022,8.0
SDIP-PREF,2023,8.0
SDIP-PREF,2024,8.0
SDIP-PREF,2025,6.0
VOLO,2018,0.5
VOLO,2019,1.0
VOLO,2021,11.2
VOLO,2022,1.7
VOLO,2023,1.8
VOLO,2024,1.9
VOLO,2025,2.0
VOLO-PREF,2015,20.0
VOLO-PREF,2016,40.0
VOLO-PREF,2017,40.0
VOLO-PREF,2018,40.0
VOLO-PREF,2019,40.0
VOLO-PREF,2020,20.0
VOLO-PREF,2021,60.8
VOLO-PREF,2022,40.0
VOLO-PREF,2023,40.0
VOLO-PREF,2024,40.0
VOLO-PREF,2025,40.0
XANO-B,2000,0.2
XANO-B,2001,0.225
XANO-B,2002,0.225
XANO-B,2003,0.225
XANO-B,2004,0.25
XANO-B,2006,0.4375
XANO-B,2007,0.5
XANO-B,2008,0.4375
XANO-B,2009,0.1875
XANO-B,2010,0.1875
XANO-B,2011,0.4375
XANO-B,2012,0.4375
XANO-B,2013,0.4375
XANO-B,2014,0.5
XANO-B,2015,0.4375
XANO-B,2016,0.6875
XANO-B,2017,0.5625
XANO-B,2018,1.0
XANO-B,2019,1.0
XANO-B,2021,1.25
XANO-B,2022,1.75
XANO-B,2023,1.75
XANO-B,2024,1.0
ARISE,2023,1.0
ARISE,2024,1.2
ARISE,2025,1.25
ARP,2013,0.051496
ARP,2018,0.51496
ARP,2021,0.77244
ARP,2022,1.02992
ARP,2023,6.95196
ARP,2024,2.59
BEIA-B,2000,1.166667
BEIA-B,2001,1.333333
BEIA-B,2002,0.333333
BEIA-B,2003,0.166667
BEIA-B,2004,0.25
BEIA-B,2005,0.833333
BEIA-B,2006,1.833333
BEIA-B,2007,2.0
BEIA-B,2008,2.5
BEIA-B,2009,2.5
BEIA-B,2010,2.5
BEIA-B,2011,3.5
BEIA-B,2012,3.5
BEIA-B,2013,3.5
BEIA-B,2014,4.0
BEIA-B,2015,4.25
BEIA-B,2016,4.75
BEIA-B,2017,4.75
BEIA-B,2018,4.75
BEIA-B,2019,5.1
BEIA-B,2020,2.5
BEIA-B,2021,3.0
BEIA-B,2022,3.5
BEIA-B,2023,3.75
BEIA-B,2024,3.85
BEIA-B,2025,3.95
RROS,2000,0.518183
RROS,2001,1.036367
RROS,2002,0.725457
RROS,2003,0.62182
RROS,2004,0.62182
RROS,2005,0.414547
RROS,2006,0.207273
RROS,2007,0.207273
RROS,2011,0.171001
RROS,2012,0.0855
RROS,2013,0.0855
RROS,2015,0.684002
RROS,2016,0.427501
RROS,2017,0.342001
RROS,2018,0.316351
RROS,2019,1.197004
RROS,2021,0.384751
RROS,2022,0.513002
RROS,2023,1.197004
RROS,2024,0.427501
ACAD,2019,1.25
ACAD,2020,1.5
ACAD,2021,1.75
ACAD,2022,1.75
ACAD,2023,1.75
ACAD,2024,1.75
ALLIGO-B,2018,2.6
ALLIGO-B,2019,3.2
ALLIGO-B,2021,1.5
ALLIGO-B,2022,1.75
ALLIGO-B,2023,3.0
ALLIGO-B,2024,3.5
ALLIGO-B,2025,2.0
BONAV-A,2017,2.159712
BONAV-A,2018,2.955396
BONAV-A,2019,2.955396
BONAV-A,2021,2.983813
BONAV-A,2022,1.989208
BONAV-B,2017,2.166184
BONAV-B,2018,2.964252
BONAV-B,2019,2.964252
BONAV-B,2021,2.992753
BONAV-B,2022,1.99517
BMAX,2011,1.5
BMAX,2012,1.8
BMAX,2013,2.0
BMAX,2014,2.3
BMAX,2015,2.6
BMAX,2016,2.14
BMAX,2017,2.4
BMAX,2018,2.5
BMAX,2021,2.75
BMAX,2022,4.0
BMAX,2024,0.5
BMAX,2025,0.75
CLAS-B,2000,0.5
CLAS-B,2001,0.78125
CLAS-B,2002,1.1
CLAS-B,2003,0.8
CLAS-B,2004,1.0
CLAS-B,2006,4.0
CLAS-B,2007,4.5
CLAS-B,2008,5.0
CLAS-B,2009,3.0
CLAS-B,2010,3.75
CLAS-B,2011,3.75
CLAS-B,2012,4.25
CLAS-B,2013,4.25
CLAS-B,2014,4.75
CLAS-B,2015,5.25
CLAS-B,2016,5.75
CLAS-B,2017,6.25
CLAS-B,2018,6.25
CLAS-B,2019,3.13
CLAS-B,2020,3.12
CLAS-B,2021,3.13
CLAS-B,2022,9.620000000000001
CLAS-B,2023,8.0
CLAS-B,2024,2.13
CLAS-B,2025,5.62
KABE-B,2000,0.25
KABE-B,2002,0.4375
KABE-B,2003,0.625
KABE-B,2005,2.0
KABE-B,2006,3.0
KABE-B,2007,3.25
KABE-B,2008,3.5
KABE-B,2009,2.5
KABE-B,2010,3.0
KABE-B,2011,4.5
KABE-B,2012,5.0
KABE-B,2013,4.0
KABE-B,2014,3.5
KABE-B,2015,3.5
KABE-B,2016,4.0
KABE-B,2017,5.0
KABE-B,2018,5.5
KABE-B,2019,5.5
KABE-B,2021,7.5
KABE-B,2022,7.0
KABE-B,2023,8.0
KABE-B,2024,8.0
KABE-B,2025,4.0
MEKO,2008,9.176309
MEKO,2009,5.00526
MEKO,2010,5.83947
MEKO,2011,6.67368
MEKO,2012,6.67368
MEKO,2013,5.83947
MEKO,2014,5.83947
MEKO,2015,5.83947
MEKO,2016,5.83947
MEKO,2017,5.83947
MEKO,2018,5.83947
MEKO,2022,3.0
MEKO,2023,3.3000000000000003
MEKO,2024,3.7
MEKO,2025,3.9
MTG-A,2007,6.608884
MTG-A,2008,13.217769
MTG-A,2009,4.405923
MTG-A,2010,4.846515
MTG-A,2011,6.608884
MTG-A,2012,7.930661
MTG-A,2013,8.811846
MTG-A,2014,9.252438
MTG-A,2015,9.693031
MTG-A,2016,10.133623
MTG-A,2017,10.574215
MTG-A,2018,11.014807
MTG-B,2007,6.631915
MTG-B,2008,13.263831
MTG-B,2009,4.421277
MTG-B,2010,4.863405
MTG-B,2011,6.631915
MTG-B,2012,7.958299
MTG-B,2013,8.842554
MTG-B,2014,9.284682
MTG-B,2015,9.726809
MTG-B,2016,10.168937
MTG-B,2017,10.611065
MTG-B,2018,11.053192
NOBI,2003,0.335526
NOBI,2004,0.335526
NOBI,2005,0.447368
NOBI,2006,0.52193
NOBI,2007,0.894737
NOBI,2008,1.118421
NOBI,2009,0.559211
NOBI,2013,0.223684
NOBI,2014,0.447368
NOBI,2015,0.782895
NOBI,2016,1.118421
NOBI,2017,1.342105
NOBI,2018,3.131579
NOBI,2019,1.789474
NOBI,2021,0.894737
NOBI,2022,1.118421
PRFO,2022,3.5
PRFO,2023,4.0
PRFO,2024,3.75
PRFO,2025,2.0
RVRC,2021,0.64
RVRC,2022,0.77
RVRC,2023,0.86
RVRC,2024,1.2
RUSTA,2024,1.15
RUSTA,2025,1.45
SHOT,2017,2.234615
SHOT,2018,2.411966
SHOT,2019,2.482906
SHOT,2024,2.5
SHOT,2025,2.6
SKIS-B,2000,0.375
SKIS-B,2001,0.4375
SKIS-B,2002,0.75
SKIS-B,2003,1.0
SKIS-B,2006,2.25
SKIS-B,2007,2.25
SKIS-B,2008,2.25
SKIS-B,2009,2.5
SKIS-B,2010,2.75
SKIS-B,2011,1.75
SKIS-B,2012,1.25
SKIS-B,2013,1.25
SKIS-B,2014,1.25
SKIS-B,2015,2.0
SKIS-B,2016,2.25
SKIS-B,2017,2.75
SKIS-B,2018,3.5
SKIS-B,2019,3.5
SKIS-B,2021,1.5
SKIS-B,2022,3.0
SKIS-B,2023,2.6
SKIS-B,2024,2.8
SYNSAM,2022,1.7
SYNSAM,2023,1.7
SYNSAM,2024,1.8
SYNSAM,2025,1.8
VBG-B,2000,0.519578
VBG-B,2001,0.519578
VBG-B,2002,0.519578
VBG-B,2003,0.519578
VBG-B,2005,0.692771
VBG-B,2006,0.95256
VBG-B,2007,1.385542
VBG-B,2008,1.731928
VBG-B,2009,0.692771
VBG-B,2010,0.346386
VBG-B,2011,1.039157
VBG-B,2012,1.558735
VBG-B,2013,1.558735
VBG-B,2014,1.905121
VBG-B,2015,2.078314
VBG-B,2016,2.251506
VBG-B,2017,1.75
VBG-B,2018,3.25
VBG-B,2019,4.5
VBG-B,2021,4.5
VBG-B,2022,5.0
VBG-B,2023,5.5
VBG-B,2024,7.0
VBG-B,2025,7.25
DUST,2016,1.193551
DUST,2017,0.815108
DUST,2018,0.812045
DUST,2019,0.898943
DUST,2020,0.659225
DUST,2021,0.686172
ENEA,2010,1.5
ENEA,2013,3.0
ENEA,2015,3.6
KNOW,2005,1.5
KNOW,2006,2.0
KNOW,2007,2.35
KNOW,2008,2.75
KNOW,2009,2.25
KNOW,2010,2.25
KNOW,2011,2.75
KNOW,2012,3.25
KNOW,2013,3.25
KNOW,2014,3.25
KNOW,2015,3.25
KNOW,2016,3.25
KNOW,2017,3.75
KNOW,2018,4.75
KNOW,2019,5.8
KNOW,2021,7.0
KNOW,2022,7.0
KNOW,2023,7.5
KNOW,2024,5.2
KNOW,2025,2.3
LIME,2019,1.0
LIME,2020,1.5
LIME,2021,2.5
LIME,2022,2.6
LIME,2023,2.8
LIME,2024,3.5
LIME,2025,4.0
NOTE,2005,0.239482
NOTE,2006,0.239482
NOTE,2007,1.077669
NOTE,2008,1.317151
NOTE,2012,0.3
NOTE,2013,0.75
NOTE,2015,0.5
NOTE,2016,0.7
NOTE,2017,0.7
NOTE,2018,1.0
NOTE,2019,0.7
NOTE,2025,7.0
PRIC-B,2011,0.177739
PRIC-B,2012,0.222174
PRIC-B,2013,0.222174
PRIC-B,2016,0.222174
PRIC-B,2017,0.444348
PRIC-B,2018,0.444348
PRIC-B,2019,0.533217
PRIC-B,2020,0.710956
PRIC-B,2021,0.888696
PRIC-B,2022,0.888695
PACT,2007,0.333333
PACT,2008,0.8
PACT,2009,0.4
PACT,2010,0.45
PACT,2011,0.5
PACT,2012,0.333333
PACT,2013,0.366667
PACT,2014,0.4
PACT,2015,0.566667
PACT,2016,0.9
PACT,2017,1.166667
PACT,2018,1.25
PACT,2019,1.383333
PACT,2020,0.833333
PACT,2021,1.5
PACT,2022,1.5
PACT,2023,1.85
PACT,2024,2.0
PACT,2025,2.4
HTRO,2016,0.06
HTRO,2018,0.08
HTRO,2019,0.08
HTRO,2021,0.1
HTRO,2022,0.1
HTRO,2023,0.1
VPLAY-A,2019,6.5
VPLAY-B,2019,1.973958
MSON-A,2000,0.788866
MSON-A,2001,1.183299
MSON-A,2006,0.631093
MSON-A,2013,0.294691
MSON-A,2014,0.589383
MSON-A,2015,0.648321
MSON-A,2016,0.703573
MSON-A,2017,0.848566
MSON-A,2018,0.96428
MSON-A,2019,0.96428
MSON-A,2020,1.111439
MSON-A,2021,1.111439
MSON-A,2025,0.2
MSON-B,2000,1.002346
MSON-B,2001,1.503519
MSON-B,2005,0.601408
MSON-B,2006,0.801877
MSON-B,2013,0.365439
MSON-B,2014,0.730877
MSON-B,2015,0.803965
MSON-B,2016,0.849177
MSON-B,2017,0.977778
MSON-B,2018,1.111111
MSON-B,2019,1.111111
MSON-B,2020,1.25
MSON-B,2021,1.25
MSON-B,2025,0.2
ACRI-A,2016,0.195472
ACRI-A,2017,0.234566
ACRI-A,2018,0.250204
ACRI-A,2019,0.328394
ACRI-A,2020,0.187653
ACRI-A,2021,0.385698
ACRI-A,2022,0.198045
ACRI-A,2023,0.4
ACRI-A,2024,0.3
ACRI-A,2025,1.4
ACRI-B,2021,0.389428
ACRI-B,2022,0.199139
ACRI-B,2023,0.4
ACRI-B,2024,0.3
ACRI-B,2025,1.4
FASTAT,2020,1.2
FASTAT,2021,0.65
FASTAT,2022,1.0
K2A-B,2021,0.1
K2A-B,2022,0.15
K2A-B,2023,0.15
K2A-PREF,2015,15.0
K2A-PREF,2016,20.0
K2A-PREF,2017,20.0
K2A-PREF,2018,20.0
K2A-PREF,2019,20.0
K2A-PREF,2020,20.0
K2A-PREF,2021,20.0
K2A-PREF,2022,20.0
K2A-PREF,2023,20.0
K2A-PREF,2024,5.0
HAV-B,2000,0.6
HAV-B,2001,1.0
HAV-B,2002,0.75
HAV-B,2003,0.75
HAV-B,2004,1.5
HAV-B,2005,1.5
HAV-B,2006,1.5
HAV-B,2007,1.5
HAV-B,2008,1.75
HAV-B,2009,1.5
HAV-B,2010,1.5
HAV-B,2011,1.5
HAV-B,2012,1.5
HAV-B,2013,1.5
HAV-B,2014,1.5
HAV-B,2015,1.5
HAV-B,2016,1.5
HAV-B,2017,1.5
HAV-B,2018,1.5
HAV-B,2019,1.5
HAV-B,2020,1.5
HAV-B,2021,1.5
HAV-B,2023,1.0
HAV-B,2024,1.0
HAV-B,2025,1.0
MANG,2013,8.0
MANG,2015,9.0
MANG,2017,2.4
MANG,2018,5.24
MANG,2019,4.63
MANG,2020,7.3
MANG,2021,17.3
MANG,2022,49.0
MANG,2024,20.0
NAXS,2012,0.4
NAXS,2013,0.5
NAXS,2014,2.0
NAXS,2015,2.3
NAXS,2016,2.5
NAXS,2018,2.53
NAXS,2019,2.78
NAXS,2020,3.0
NAXS,2021,3.0
NAXS,2022,3.5
NAXS,2023,3.75
NAXS,2024,4.25
NAXS,2025,16.0
SFAB,2023,2.85
SFAB,2024,4.5
SFAB,2025,5.0
BOUL,2013,0.088514
BOUL,2014,0.088514
BOUL,2015,0.106216
BOUL,2016,0.106216
BOUL,2017,0.247838
BOUL,2019,0.389459
BOUL,2021,0.389459
BOUL,2022,0.389459
CARA,2015,3.7422
CARA,2016,6.1746297
CARA,2018,1.30977
CARA,2023,1.721412
DEDI,2012,1.0
DEDI,2013,1.4
DEDI,2014,1.1
DEDI,2015,2.4
DEDI,2016,4.0
DEDI,2017,8.0
DEDI,2018,5.0
DEDI,2019,4.0
DEDI,2021,2.5
DEDI,2022,4.0
DEDI,2023,6.0
DEDI,2024,6.5
DEDI,2025,2.5
ARPL,2022,1.5
ARPL,2023,1.0
ARPL,2024,1.25
ARPL,2025,1.5
BALCO,2019,2.0
BALCO,2022,2.0
BALCO,2023,1.5
BERNER-B,2015,0.25
BERNER-B,2016,0.5
BERNER-B,2017,0.5
BERNER-B,2018,0.5
BERNER-B,2019,0.75
BERNER-B,2020,0.6
BERNER-B,2021,0.75
BERNER-B,2022,0.75
BERNER-B,2023,0.6
BERNER-B,2024,0.9
BERNER-B,2025,0.95
BONG,2000,2.2
BONG,2001,2.538462
BONG,2007,1.0
BONG,2008,1.0
BONG,2009,1.0
BONG,2010,1.0
BONG,2011,1.0
CNCJO-B,2008,1.5
CNCJO-B,2009,0.5
CNCJO-B,2010,0.35
CNCJO-B,2013,0.25
CNCJO-B,2014,0.4
CNCJO-B,2015,1.25
CNCJO-B,2016,2.0
CNCJO-B,2017,2.0
CNCJO-B,2020,17.0
CNCJO-B,2021,15.0
CNCJO-B,2024,3.0
CNCJO-B,2025,7.0
ELTEL,2016,1.4558873
FNM,2018,1.73
FNM,2019,7.5
FNM,2020,4.25
FNM,2021,7.5
FNM,2023,7.5
HAKI-A,2000,0.493056
HAKI-A,2001,0.986111
HAKI-A,2002,0.739583
HAKI-A,2003,0.986111
HAKI-A,2006,2.465278
HAKI-A,2007,4.930556
HAKI-A,2008,4.930556
HAKI-A,2009,1.972222
HAKI-A,2010,0.986111
HAKI-A,2011,1.479167
HAKI-A,2012,0.493056
HAKI-A,2019,0.493056
HAKI-A,2020,0.591667
HAKI-A,2022,0.739583
HAKI-A,2023,0.788888
HAKI-A,2024,0.8875
HAKI-A,2025,0.49
HAKI-B,2024,0.9
HAKI-B,2025,0.5
INFREA,2019,0.534959
INFREA,2020,0.08916
INFREA,2025,0.5
INISS-B,2016,0.25
INISS-B,2019,0.5
INISS-B,2022,0.3
INISS-B,2024,0.7
MEAB-B,2000,1.0
MEAB-B,2002,0.25
MEAB-B,2003,0.35
MEAB-B,2006,3.0
MEAB-B,2007,7.5
MEAB-B,2008,2.5
MEAB-B,2010,0.5
MEAB-B,2011,2.0
MEAB-B,2012,5.0
MEAB-B,2013,3.75
MEAB-B,2014,6.0
MEAB-B,2015,10.0
MEAB-B,2016,8.0
MEAB-B,2017,8.5
MEAB-B,2018,5.0
MEAB-B,2019,2.5
MEAB-B,2021,1.5
MEAB-B,2022,1.5
MEAB-B,2023,2.0
MEAB-B,2024,2.0
PION-B,2000,1.0
PION-B,2001,2.25
PION-B,2002,0.25
PION-B,2003,0.25
PION-B,2004,0.25
PION-B,2005,0.25
PION-B,2006,0.25
PION-B,2007,2.5
PION-B,2008,2.5
PION-B,2009,4.5
PION-B,2010,1.5
PION-B,2011,0.4
PION-B,2012,0.43
PION-B,2016,0.5
PION-B,2017,0.6
PION-B,2018,0.6
PION-B,2019,0.25
PION-B,2021,0.6
PION-B,2022,1.0
PION-B,2023,0.5
PION-B,2024,0.25
RAIL,2010,0.074
RAIL,2011,0.1
RAIL,2015,0.6
RAIL,2016,0.6
RAIL,2017,0.66
RAIL,2020,0.3
RAIL,2021,0.6
RAIL,2022,0.6
RAIL,2023,0.6
RAIL,2024,0.7
RAIL,2025,0.7
SINT,2011,0.5
SINT,2012,1.7
SINT,2013,1.7
SINT,2014,1.2
SINT,2015,2.2
SINT,2016,3.5
SINT,2017,4.0
SINT,2018,2.75
SINT,2019,5.0
SINT,2020,3.5
SINT,2021,4.0
SINT,2022,5.5
SINT,2023,5.5
SINT,2024,6.1
SINT,2025,6.0
SVIK,2006,2.0
SVIK,2007,2.0
SVIK,2008,2.0
SVIK,2009,1.0
SVIK,2012,1.0
SVIK,2017,1.0
SVIK,2021,1.0
SVIK,2022,2.0
SVIK,2023,2.0
SVIK,2024,2.0
SVIK,2025,2.0
SVED-B,2000,0.538655
SVED-B,2001,1.256861
SVED-B,2002,0.538655
SVED-B,2003,0.897758
SVED-B,2006,1.795516
SVED-B,2007,1.795516
SVED-B,2008,2.872826
SVED-B,2009,1.256861
SVED-B,2010,5.027446
SVED-B,2011,1.795516
SVED-B,2012,1.436413
SVED-B,2013,0.359103
SVED-B,2014,0.718207
SVED-B,2015,1.436413
SVED-B,2016,1.615965
SVED-B,2017,1.615965
SVED-B,2018,1.615965
SVED-B,2019,0.897758
SVED-B,2021,0.897758
SVED-B,2023,1.32123
SVED-B,2024,1.0
SVED-B,2025,1.5
WISE,2011,1.0
WISE,2012,1.6
WISE,2013,2.0
WISE,2014,0.6
WISE,2015,2.0
WISE,2016,2.5
WISE,2017,3.0
WISE,2018,3.0
WISE,2019,3.5
WISE,2022,4.0
WISE,2023,4.0
WBGR-B,2021,2.780899
WBGR-B,2022,2.949438
WBGR-B,2023,1.390449
BEGR,2007,28.398748
BEGR,2008,28.398748
BEGR,2009,8.113928
BEGR,2012,2.028482
BEGR,2019,1.565837
BEGR,2022,10.73717
BEGR,2023,10.73717
DURC-B,2008,1.5
DURC-B,2012,2.85
DURC-B,2013,0.4
DURC-B,2022,0.25
DURC-B,2023,0.25
DURC-B,2024,0.3
DURC-B,2025,0.35
NORB-B,2023,1.0
PROF-B,2000,1.032876
PROF-B,2001,1.506278
PROF-B,2002,0.430365
PROF-B,2003,0.645548
PROF-B,2004,1.075913
PROF-B,2006,1.97968
PROF-B,2007,2.410045
PROF-B,2008,3.098629
PROF-B,2009,0.86073
PROF-B,2011,1.291096
PROF-B,2017,3.0
PROF-B,2018,4.5
PROF-B,2019,5.0
PROF-B,2022,13.5
PROF-B,2023,4.0
PROF-B,2024,5.0
PROF-B,2025,5.0
ATIC,2018,0.458308
ATIC,2019,0.458308
BORG,2006,0.3125
BORG,2007,0.75
BORG,2008,1.5
BORG,2009,1.5
BORG,2010,5.0
BORG,2011,2.6
BORG,2012,4.0
BORG,2013,3.0
BORG,2014,1.5
BORG,2015,1.5
BORG,2016,2.0
BORG,2017,2.0
BORG,2018,2.0
BORG,2019,2.0
BORG,2021,1.5
BORG,2023,2.0
BORG,2024,3.0
BORG,2025,3.0
BULTEN,2012,2.0
BULTEN,2013,2.0
BULTEN,2014,2.0
BULTEN,2015,3.0
BULTEN,2016,3.25
BULTEN,2017,4.5
BULTEN,2018,3.75
BULTEN,2019,4.0
BULTEN,2021,2.0
BULTEN,2022,2.25
BULTEN,2023,2.5
BULTEN,2024,2.5
BULTEN,2025,2.75
ELON,2007,4.0
ELON,2008,6.0
ELON,2009,3.0
ELON,2010,8.0
ELON,2011,5.0
ELON,2012,3.0
ELON,2013,3.5
ELON,2014,4.5
ELON,2015,5.25
ELON,2016,4.25
ELON,2017,4.25
ELON,2018,4.25
ELON,2019,3.25
ELON,2020,2.25
ELON,2021,4.25
ELON,2022,5.0
ELON,2023,2.0
ELON,2024,1.25
ELON,2025,1.25
EG7,2024,0.44
ENRO,2001,197.66383
ENRO,2002,212.86874
ENRO,2003,425.7375
ENRO,2004,547.3768
ENRO,2005,669.01605
ENRO,2006,669.01605
ENRO,2007,1338.0321
ENRO,2008,1581.3107
ENRO,2013,212.29826
ENRO,2023,0.05
ENRO,2024,0.04
G5EN,2017,0.75
G5EN,2018,2.5
G5EN,2019,2.5
G5EN,2020,2.5
G5EN,2021,6.25
G5EN,2022,7.0
G5EN,2023,8.0
G5EN,2024,8.0
G5EN,2025,8.0
LAMM-B,2000,1.5
LAMM-B,2002,1.5
LAMM-B,2003,1.0
LAMM-B,2006,1.0
LAMM-B,2007,3.0
LAMM-B,2008,3.0
LAMM-B,2009,2.5
LAMM-B,2010,1.5
LAMM-B,2011,1.0
LAMM-B,2012,0.5
LAMM-B,2013,0.5
LAMM-B,2014,1.0
LAMM-B,2015,1.5
LAMM-B,2016,1.75
LAMM-B,2017,2.0
LAMM-B,2019,2.0
LAMM-B,2022,2.0
LAMM-B,2023,2.0
LAMM-B,2024,2.0
LAMM-B,2025,1.0
MOMENT,2006,1.121106
MOMENT,2007,3.363318
MOMENT,2008,2.466434
MOMENT,2009,1.569549
MOMENT,2010,1.233217
MOMENT,2011,0.852041
MOMENT,2012,0.538131
MOMENT,2013,1.345327
MOMENT,2014,4.484425
MOMENT,2015,4.932867
MOMENT,2016,3.363318
MOMENT,2018,1.031418
NELLY,2024,0.83
NIL-B,2016,3.0
NIL-B,2017,3.6
NIL-B,2018,4.0
NIL-B,2019,4.0
NIL-B,2021,2.0
NIL-B,2022,5.0
NIL-B,2023,5.0
NIL-B,2024,1.0
NIL-B,2025,1.5
B3,2017,2.1
B3,2018,2.25
B3,2019,2.25
B3,2021,0.9
B3,2022,3.5
B3,2023,8.0
B3,2024,3.5
FING-B,2017,680.877
FPIP,2007,0.122079
FPIP,2010,0.244159
FPIP,2011,0.244159
FPIP,2012,0.29299
FPIP,2016,0.1
FPIP,2017,0.3
FPIP,2018,0.5
FPIP,2019,0.6
FPIP,2020,0.6
FPIP,2021,0.66
FPIP,2022,0.7
FPIP,2024,0.5
FPIP,2025,0.5
GARO,2017,0.57
GARO,2018,0.8
GARO,2019,0.8
GARO,2021,0.95
GARO,2022,1.4
GARO,2023,0.8
MSAB-B,2012,1.0
MSAB-B,2013,0.6
MSAB-B,2014,0.1
MSAB-B,2015,1.0
MSAB-B,2016,2.2
MSAB-B,2017,2.2
MSAB-B,2018,2.2
MSAB-B,2019,2.2
MSAB-B,2021,2.0
MSAB-B,2023,1.5
MSAB-B,2024,1.5
MSAB-B,2025,1.5
SAFETY-B,2001,11.18338
SAFETY-B,2002,11.18338
SAFETY-B,2006,3.355014
SAFETY-B,2007,6.710028
SAFETY-B,2008,6.710028
SAFETY-B,2010,2.795845
SAFETY-B,2019,0.45
SAFETY-B,2021,1.5
SAFETY-B,2022,3.5
SAFETY-B,2024,1.0
SAFETY-B,2025,1.0
NTEK-B,2000,0.5
NTEK-B,2001,0.5
NTEK-B,2002,0.5
NTEK-B,2003,0.5
NTEK-B,2006,1.2
NTEK-B,2007,1.2
NTEK-B,2008,1.2
NTEK-B,2009,1.0
NTEK-B,2010,0.5
NTEK-B,2011,1.0
NTEK-B,2012,1.0
NTEK-B,2013,1.0
NTEK-B,2014,1.0
NTEK-B,2015,1.0
NTEK-B,2016,1.0
NTEK-B,2017,1.25
NTEK-B,2018,1.25
NTEK-B,2019,1.25
NTEK-B,2021,2.25
NTEK-B,2022,1.5
NTEK-B,2023,1.5
NTEK-B,2024,1.65
NTEK-B,2025,1.8
PREV-B,2001,0.5
PREV-B,2006,0.5
PREV-B,2007,1.0
PREV-B,2008,0.6
PREV-B,2009,1.5
PREV-B,2011,0.5
PREV-B,2012,2.0
PREV-B,2013,0.3
PREV-B,2021,2.0
PREV-B,2022,3.5
PREV-B,2023,4.5
PREV-B,2024,4.75
PREV-B,2025,4.75
SLEEP,2023,7.0
SLEEP,2024,2.3
SLEEP,2025,1.85
SOF-B,2000,0.291667
SOF-B,2006,0.3
SOF-B,2007,0.3
SOF-B,2008,0.3
SOF-B,2009,0.3
SOF-B,2010,0.45
SOF-B,2011,0.45
SOF-B,2012,0.45
SOF-B,2013,0.45
SOF-B,2014,0.45
SOF-B,2015,0.45
SOF-B,2016,0.5
SOF-B,2017,0.5
SOF-B,2018,0.75
SOF-B,2019,1.0
SOF-B,2021,3.0
SOF-B,2022,1.35
SOF-B,2023,1.0
SOF-B,2024,1.35
SOF-B,2025,1.35
TRAD,2007,4.03155
TRAD,2008,2.217353
TRAD,2012,1.487903
TRAD,2014,0.247984
DORO,2011,0.5
DORO,2012,1.0
DORO,2013,1.25
DORO,2014,1.5
DORO,2017,1.0
DORO,2024,2.0
CHEF,2024,3.56
CHEF,2025,3.32
VIVA,2022,1.5
VIVA,2023,1.55
VIVA,2024,1.55
VIVA,2025,1.55
STUDBO,2017,149.40309
NAVIGO-PREF,2023,7.1
NAVIGO-PREF,2024,9.5
NAVIGO-PREF,2025,9.6
ADDV-A,2021,0.008261
ADDV-B,2021,0.013652
BYGGP,2017,1.9027
BYGGP,2018,1.9027
BYGGP,2019,2.09297
BYGGP,2020,2.47351
BYGGP,2021,2.66378
BYGGP,2022,2.854049
BYGGP,2025,0.5
NYAB,2025,0.11
QAIR,2021,1.3
QAIR,2022,1.5
QAIR,2024,0.6
AGES-B,2015,4.0
AGES-B,2016,4.0
AGES-B,2017,4.0
AGES-B,2018,1.5
AGES-B,2019,1.5
AGES-B,2024,1.5
AGES-B,2025,1.5
DRIL,2008,0.06
DRIL,2009,0.02
DRIL,2010,0.03
DRIL,2011,0.07
DRIL,2012,0.14
DRIL,2013,0.18
DRIL,2014,0.1
DRIL,2015,0.5
DRIL,2016,0.45
DRIL,2017,0.3
DRIL,2018,0.33
DRIL,2019,0.35
DRIL,2021,0.7
DRIL,2024,0.25
DRIL,2025,0.25
BOKUS,2022,3.0
BOKUS,2023,3.0
BOKUS,2024,3.3
BOKUS,2025,3.6
EMBELL,2022,0.8
EMBELL,2023,0.8
EMBELL,2025,1.25
LYKO-A,2018,0.5
MAGI,2025,1.0
PDX,2017,1.0
PDX,2018,1.0
PDX,2019,1.0
PDX,2020,1.0
PDX,2021,1.0
PDX,2022,1.0
PDX,2023,2.0
PDX,2024,3.0
PDX,2025,3.0
RAKE,2023,1.0333457
RUG,2022,2.5
RUG,2023,1.5
RUG,2024,1.8
RUG,2025,1.25
ZZ-B,2014,0.1
ZZ-B,2015,0.25
ZZ-B,2016,0.25
ZZ-B,2017,0.25
ZZ-B,2018,0.45
ZZ-B,2019,0.7
ZZ-B,2020,0.7
ZZ-B,2021,1.25
ZZ-B,2022,2.0
ZZ-B,2024,3.0
ZZ-B,2025,4.0
ADVE,2025,0.09
AVEN,2012,0.03
AVEN,2013,0.04
AVEN,2014,0.07
AVEN,2015,1.1
AVEN,2016,0.1
AVEN,2017,0.15
AVEN,2019,0.23
AVEN,2021,0.3
AVEN,2022,0.65
AVEN,2025,0.5
BRIGHT,2022,38.615128
BRIGHT,2023,5.494611
CAG,2019,2.6
CAG,2020,2.9
CAG,2021,3.0
CAG,2022,3.1
CAG,2023,3.6
CAG,2024,3.9
CAG,2025,4.1
CX,2022,1.5
CX,2023,1.05
CX,2024,2.0
CX,2025,1.4
DEVP-B,2019,0.75
DEVP-B,2022,0.75
DEVP-B,2023,1.25
DEVP-B,2024,1.5
DEVP-B,2025,1.5
DIST,2012,0.514166
DIST,2013,0.616999
DIST,2014,0.616999
DIST,2015,0.771249
DIST,2016,0.822665
DIST,2017,1.413956
DIST,2019,0.514166
DIST,2021,1.028332
DIST,2022,1.028332
DIST,2023,1.247863
FRACTL,2025,1.25
PRCO-B,2009,0.5
PRCO-B,2010,0.5
PRCO-B,2012,0.5
PRCO-B,2013,0.25
PRCO-B,2014,0.75
PRCO-B,2015,0.75
PRCO-B,2016,1.15
PRCO-B,2017,1.15
PRCO-B,2018,1.2
PRCO-B,2019,1.8
PRCO-B,2021,2.9
PRCO-B,2022,1.9
PRCO-B,2024,13.8
PRCO-B,2025,0.45
NNH,2017,0.4
NNH,2020,1.75
NNH,2021,1.5
NNH,2022,1.25
SNX,2025,0.2
SKMO,2006,0.9
SKMO,2007,1.0
SKMO,2008,1.1
SKMO,2009,1.1
SKMO,2010,1.2
SKMO,2011,1.3
SKMO,2012,1.4
SKMO,2013,1.4
SKMO,2014,1.4
SKMO,2015,2.6
SKMO,2016,1.1
SKMO,2017,1.1
SKMO,2018,1.1
SKMO,2019,1.1
SKMO,2020,1.1
SKMO,2021,1.2
SKMO,2022,1.4
SKMO,2023,1.4
SKMO,2024,1.4
SKMO,2025,1.4
SECARE,2020,0.14
SECARE,2021,0.16
SECARE,2022,0.2
SECARE,2023,0.22
SECARE,2024,0.23
SECARE,2025,0.25
ALM,2012,0.394069
ALM,2016,6.237624
ALM,2017,2.079208
ALM-PREF,2017,4.2
ALM-PREF,2018,8.4
ALM-PREF,2019,2.1
ALM-PREF,2020,8.4
ALM-PREF,2021,8.4
ALM-PREF,2022,8.4
ALM-PREF,2023,6.300000000000001
ALM-PREF,2024,8.4
ALM-PREF,2025,6.300000000000001
TINGS-A,2020,4.0
TINGS-A,2021,5.0
TINGS-A,2022,7.6
TINGS-PREF,2022,12.13
TINGS-PREF,2023,24.0
TINGS-PREF,2024,24.0
TINGS-PREF,2025,20.0
NFGAB,2017,3.0
TEQ,2022,0.5
VH,2023,3.0
VH,2024,3.0
VH,2025,1.5
STIL,2014,1.0
STIL,2016,0.8
STIL,2018,1.2
STIL,2019,1.45
STIL,2021,1.7
STIL,2022,1.0
STIL,2023,1.8
ABSO,2015,0.6
ABSO,2016,0.8
ABSO,2017,0.9
ABSO,2018,1.0
ABSO,2019,1.5
ABSO,2021,1.8
ABSO,2022,2.0
ABSO,2023,2.75
ABSO,2024,3.0
ABSO,2025,3.25
ACUVI,2017,3.578396
FIRE,2008,0.6
FIRE,2009,0.75
FIRE,2010,0.9
FIRE,2011,0.9
FIRE,2012,0.5
FIRE,2014,0.5
FIRE,2015,0.6
FIRE,2016,1.2
FIRE,2017,1.2
FIRE,2018,1.4
FIRE,2019,1.9
FIRE,2021,2.1
FIRE,2022,2.5
FIRE,2023,3.0
FIRE,2024,4.75
FIRE,2025,5.5
GOTL-A,2023,8.2
GOTL-A,2024,9.8
GOTL-A,2025,20.3
GOTL-B,2023,8.2
GOTL-B,2024,9.8
GOTL-B,2025,20.3
HEGR,2024,0.166504
IDUN-B,2022,0.8
IDUN-B,2023,0.9
IDUN-B,2024,0.9
IDUN-B,2025,1.0
NEPA,2022,1.23
NEPA,2023,1.23
NEPA,2024,1.23
NEPA,2025,1.23
NJOB,2008,0.3
NJOB,2009,0.1
NJOB,2010,0.1
NJOB,2011,0.18
NJOB,2012,0.3
NJOB,2015,0.1
NJOB,2016,0.1
NJOB,2025,0.25
OGUN-B,2008,1.066667
OGUN-B,2009,0.866667
OGUN-B,2010,0.25
OGUN-B,2011,1.333333
OGUN-B,2012,1.6
OGUN-B,2013,1.166667
OGUN-B,2014,1.5
OGUN-B,2015,2.066667
OGUN-B,2016,2.466667
OGUN-B,2017,2.55
OGUN-B,2019,3.0
OGUN-B,2021,2.0
OGUN-B,2022,3.3
OGUN-B,2023,4.5
OGUN-B,2024,3.4
OGUN-B,2025,1.9
PCOM-B,2012,0.15
RO,2000,3.5
RO,2001,4.0
RO,2002,3.0
RO,2007,6.5
RO,2008,4.0
RO,2009,3.0
RO,2010,1.25
RO,2011,2.0
RO,2012,1.5
RO,2013,0.5
RO,2014,6.65
RO,2015,0.75
RO,2016,0.9
RO,2017,0.5
RO,2019,15.6
RO,2020,5.449999999999999
SIBEK,2024,1.2
SIBEK,2025,1.4
TRAIN-B,2023,6.26
TRAIN-B,2024,0.23
VSSAB-B,2000,50.886448
VSSAB-B,2001,50.886448
VSSAB-B,2002,50.886448
VSSAB-B,2005,50.886448
VSSAB-B,2006,101.772896
VSSAB-B,2007,101.772896
VSSAB-B,2008,127.21612
VSSAB-B,2009,127.21612
VSSAB-B,2015,35.878414
VSSAB-B,2019,106.74058
VIMAB,2016,5.0
VIMAB,2017,3.0
VIMAB,2018,1.0
VIMAB,2019,3.0
VIMAB,2021,30.0
VIMAB,2022,39.5
ITECH,2024,1.5
ITECH,2025,1.0
POLYG,2025,0.26
DE,2023,1.0
DE,2024,1.15
DE,2025,2.3
LUC,2014,0.539072
LUC,2015,0.269536
LUC,2016,3.436584
LUC,2017,0.67384
LUC,2018,0.67384
LUC,2019,0.5053799999999999
CEDER,2024,1.0699999999999998
CEDER,2025,1.9
KAKEL,2012,177.62239
NANOC-B,2014,1.78571
NANOC-B,2021,0.38
NANOC-B,2022,0.25
NANOC-B,2023,0.5
BOAT,2022,1.5
NREST,2025,5.0
OBAB,2008,31.369215
OBAB,2009,12.065083
OBAB,2011,60.325413
OBAB,2012,33.78223
SBOK,2011,3.25
SBOK,2012,0.5
SBOK,2014,0.5
SBOK,2021,0.8
SBOK,2022,1.0
SBOK,2023,1.0
SBOK,2024,2.25
SBOK,2025,2.25
SKOLON,2024,0.56
STORY-B,2025,1.0
SODER,2024,0.6
SODER,2025,0.8
TELLUS,2025,0.1
UTG,2011,0.338516
UTG,2014,1.354064
UTG,2015,1.150954
UTG,2016,2.031096
UTG,2017,2.708128
UTG,2018,1.354064
UTG,2019,0.358827
UTG,2024,0.35
UTG,2025,0.4
ADTR,2024,2.0
ADTR,2025,2.0
CDMIL,2025,0.5
DIAH,2008,0.654915
DIAH,2010,0.748474
DIAH,2011,0.654915
DIAH,2012,0.795254
DIAH,2013,0.935593
DIAH,2014,1.30983
DIAH,2015,0.935593
DIAH,2016,0.654915
DIAH,2017,0.701695
DIAH,2019,0.6
DIAH,2022,0.95
DIAH,2023,1.3
DIAH,2024,0.75
DONE,2025,23.5
EXS,2021,1.4
EXS,2022,1.5
EXS,2023,1.75
EXS,2024,1.75
EXS,2025,1.75
GENI,2016,0.3
GENI,2017,0.3
GENI,2018,1.0
GENI,2019,0.8
GENI,2020,0.8
GENI,2021,0.8
GENI,2022,1.0
GENI,2023,1.25
GENI,2024,1.5
GENI,2025,1.6
HIFA-B,2005,7.573531
HIFA-B,2006,1.514706
HIFA-B,2008,4.544119
HIFA-B,2011,0.151471
HIFA-B,2012,0.302941
HIFA-B,2013,0.378677
HIFA-B,2014,0.151471
HIFA-B,2015,0.302941
HIFA-B,2018,0.12
HIFA-B,2019,0.12
JLT,2005,0.14
JLT,2006,0.25
JLT,2007,0.25
JLT,2008,0.25
JLT,2014,0.05
JLT,2015,0.07
JLT,2016,0.07
JLT,2017,0.15
JLT,2018,0.15
JLT,2019,0.22
JLT,2021,0.27
JLT,2022,0.27
JLT,2023,0.2
OPTER,2022,1.15
OPTER,2023,1.58
OPTER,2024,2.32
OPTER,2025,2.91
UPSALE,2022,2.0
UPSALE,2023,2.0
UPSALE,2024,1.5
UPSALE,2025,1.5
ALCA,2019,0.5
ALCA,2022,0.5
BAHN-B,2008,0.135
BAHN-B,2009,0.018
BAHN-B,2010,0.035
BAHN-B,2011,0.045
BAHN-B,2012,0.05
BAHN-B,2013,0.15
BAHN-B,2014,0.275
BAHN-B,2015,0.3
BAHN-B,2016,0.325
BAHN-B,2017,0.325
BAHN-B,2018,0.5
BAHN-B,2019,0.55
BAHN-B,2020,0.6
BAHN-B,2021,0.75
BAHN-B,2022,1.0
BAHN-B,2023,1.75
BAHN-B,2024,2.0
BAHN-B,2025,2.0
BRE2,2014,0.01
BRE2,2015,0.01
BRE2,2016,0.02
BRE2,2017,0.03
BRE2,2018,0.05
BRE2,2019,0.05
BRE2,2020,0.05
BRE2,2021,0.05
BRE2,2022,0.08
BRE2,2023,0.08
BRE2,2024,0.09
BRE2,2025,0.1
MAVEN,2024,0.1
WAYS,2023,0.75
