Ticker,pct_Close_vs_SMA_short,pct_SMA_short_vs_SMA_medium,pct_SMA_medium_vs_SMA_long,cagr_close
ARION-SDB,-0.4298010711866836,5.23141778637457,5.04394670822283,0.022558747513180988
AZA,-8.413448340918098,3.87331261177129,15.93273062191589,0.2283898767960082
SHB-A,1.6588685665674203,-6.169429901184119,4.151806038075343,0.1158808444832331
SHB-B,1.8405565391029843,-4.091122508688616,15.002808353490702,0.24044981436083224
NDA-SE,0.5891648893707646,-0.1470744304080135,6.623784275787628,0.12684753729002018
SEB-A,0.419777745824774,2.068164157069331,6.7601942217707265,0.22131501517087404
SEB-C,1.819457541863359,1.9306676511508667,6.621603757210595,0.1763335761968663
SWED-A,3.2273364498502413,0.1180006086307794,12.353224347172237,0.32023653252613693
AAK,9.071355840904465,0.8521193810722684,-8.490253697591502,0.18852809197085074
AXFO,0.5682807195110683,3.088938420247588,13.154779953010747,-0.001998958879872448
ESSITY-A,-0.9921036647094508,-6.772622598059572,-5.67625869993118,0.009430118726551306
ESSITY-B,-1.344564276486042,-6.817716866428227,-5.719763821790895,0.009574072384380017
IPCO,4.173164097172651,6.28804067011863,8.92795258441501,0.10549317170549855
ATRLJ-B,-8.887193894311826,-0.5388488816361554,-8.997288198430203,0.016506475537636955
BALD-B,-0.3494985955554217,1.7301251849344506,-7.273377938980696,0.02225465295399376
CAST,-2.3454524404603196,-3.2278559743671074,-0.6949694258130101,-0.050586191294334615
CATE,-1.7504714264050738,-0.3488734212702371,0.6426961012828586,0.01530162961173076
CORE-A,-0.8899658232947006,-8.969613769534295,-7.7342354374417885,-0.27010186019411486
CORE-B,1.7079321739423634,-8.8422936874186,-13.822422030577677,-0.2820879196191016
CORE-D,1.279317697228145,0.9425279127102384,3.924605725372622,0.08001416422870888
CORE-PREF,0.2273196941516889,0.2245516981379377,1.285653797353268,0.04018814458041042
FABG,-3.6086507691269887,1.1869773746187011,-0.3726176861923824,-0.05692220053399755
FPAR-A,-0.6366960161120829,-4.73827414372799,-9.708930435097331,-0.09888185817358142
FPAR-D,0.5780366307755482,1.751406633588107,6.981331989580414,0.11141306542992258
HEM,-1.7838668602101992,0.299815870786614,-14.551968808047612,0.23526875507376444
HUFV-A,-4.508843553446718,-0.4167560702493921,1.352097323783856,-0.04275271373134548
NP3,2.511627906976744,2.4980930587337955,4.521957463763729,0.046619637282718784
NP3-PREF,-0.2590695817459939,1.2326245489366532,3.20351580626645,0.08904219047627238
NYF,-2.3947328412179045,-0.9510327282123476,-8.863569345456947,6.809643655469877e-05
PNDX-B,3.9065148237981737,5.052231291039211,-6.095139389251086,0.09520948745982394
SAGA-A,-0.888265544647034,1.134751773049648,-5.187434691591589,-0.053138994086790015
SAGA-B,-3.0411092884619335,0.773727926774027,-5.139224549128245,-0.06202613117862765
SAGA-D,0.0600952376782324,-0.2736147520304113,5.994355164480504,0.11769979781345596
WALL-B,1.4156093059822314,-2.332848871243136,-1.5817410880120393,-0.024081751317134747
WIHL,-22.050265887730937,-1.5028293994833233,-2.991886038049897,-0.010125635952923373
BURE,-3.0303051714234885,1.640364195023053,-15.382074911781215,0.02721715224747223
EQT,1.5304443438535609,9.892359839888575,-2.0724745424128797,0.0877662457923043
INDU-A,0.9670560802222674,3.766738814401726,-1.384648545309978,0.146101295117381
INDU-C,1.8263217980676107,3.862337998149308,-1.2927378248274386,0.15381109498675327
INVE-A,0.0515719259646985,2.142230441256439,-3.164852861723435,0.13925530410094122
INVE-B,0.1220126230928794,2.3142865901290373,-3.408984705353718,0.17733707826460798
KINV-A,-0.9345787328886164,9.874311803876603,15.250678237287438,-0.16788971148394516
KINV-B,-4.386755335000887,8.000815297825959,5.85727172460731,-0.2175688286565849
LATO-B,1.5812946778307837,0.3943091614140894,-6.8694618464881145,0.02425297569334539
LUND-B,-2.3273097530787363,-0.0857565485182401,-4.603121890968886,0.00407071438125528
SAVE,-5.529605709109147,1.8804207173136116,8.123608352690436,0.2664188296198511
ROKO-B,9.671169277449788,15.71864900079529,0.0,1.3633142762728663
STOR-B,1.0101014056448163,5.835420725407838,-0.6394332471722725,-0.021164878500341544
SAMPO-SDB,-0.9077125539328202,2.59793162600891,7.809047178570607,0.01455602357572272
ALIF-B,-0.2191728152275491,-5.909805424695171,16.077453628875368,0.0011572862015640784
ALVO-SDB,9.500375763028886,0.0,0.0,-0.18045291720335432
ASKER,27.368381632232637,-1.100694619669773,0.0,2.7600525864734258
AZN,4.413426145267682,0.4032376101402177,-6.082353255049785,0.019982767989595418
BIOA-B,3.3178103380352395,7.990321100373339,0.2078627754956236,0.24710743826097348
BIOT,0.245010114275249,0.3061497192846236,1.7946776870611767,-0.1278186524888476
BONEX,5.061493458363431,14.000477460408412,-13.087033524088609,0.7097667061250956
CAMX,1.8171533620872549,14.270247559950866,2.9315635837429204,0.46188222516412436
EKTA-B,-14.77225127556041,-2.870459226823311,-13.776710841401846,-0.14803234625261874
GETI-B,1.107994655410924,2.58066875328514,-0.9452535295037914,-0.028896740094775053
MCOV-B,6.046511627906977,7.259738186462323,18.756029965425025,0.23175510629381324
SECT-B,-0.8359889629825765,6.971818247192828,19.10817654839217,0.2555753402274863
SOBI,6.612103542204782,-3.728124879673457,-4.393305291935882,0.11765367881672861
VIMIAN,-9.32849740917883,-7.956877257327612,-0.4419550402374284,-0.04986169450009892
VITR,0.0828259024218067,-1.4368119285761642,-20.96219351051702,-0.23527853628959172
ABB,-0.7904772421954411,9.555566496946364,-1.5428117615972183,0.28388841963002376
ADDT-B,-3.241206181189492,1.4165498996893744,5.01856373717359,0.2467078044705142
AFRY,-3.0381383322559725,-4.209339981342216,-2.663114967386361,0.023688267682903996
ALFA,1.2514488377398636,2.809125702366161,-6.237021207054064,0.14347400248869224
ASSA-B,2.3459531457714298,4.676899369307652,-3.037239868521139,0.13145159332530176
ATCO-A,-0.6168596757337748,-1.6309764861192466,-7.414479247763292,0.1067805726706268
ATCO-B,0.4267229538465407,-0.7564489284846363,-7.652415664895089,0.11271890435009846
BEIJ-B,4.441850659661636,7.22096256065025,-3.2463350703864102,0.0576838672603468
BRAV,-3.072234939099953,-0.4891547268829154,7.138357021395654,-0.015031215238053286
EPRO-B,-4.8110988503349335,2.853674510160628,-1.072935609254994,0.02574080000353507
ENGCON-B,-6.2499958442976595,-11.181882976818304,-10.307538454406911,0.04041246700581058
EPI-A,-2.013684556578733,-2.099683260954732,2.882465400010354,0.06255856219116684
EPI-B,6.998108619292076,-0.4679428746259272,2.1288897879856927,0.0937762822059669
INDT,-0.9860318450424216,-6.091330755855406,-7.015607735161912,0.01602711744236207
LIFCO-B,0.8327194767365129,-7.6590713114604,7.822580943250995,0.2280520404503823
LIAB,3.8151857596650705,1.4598478617749762,-2.695311507332487,0.09967320411307945
LOOMIS,-4.895949769422322,2.5463915992758728,7.697301937642977,0.14493500426083172
MTRS,2.9556247680514707,0.0287332785339829,-12.218011029289766,0.2257385894329318
NCC-A,1.3368983957219251,1.1631052204490158,6.163162444245109,0.242032560103415
NCC-B,1.97993032605926,0.6057624362420555,5.700597053470267,0.2828868613488291
NIBE-B,-0.5065101039794856,6.756272277793675,-3.9803604881363057,-0.23797039744774484
NOLA-B,2.290714745320962,2.615608037798957,5.3452879666898285,0.03141913839327959
OEM-B,0.3883255363108895,-1.1964987736007542,10.374216629053812,0.24036496197098067
PEAB-B,-4.638647998733561,-6.872447503799401,0.9803493326217448,0.04515805075741586
SAAB-B,1.1168997130219005,6.2978930849149695,41.96650372267742,0.8008270047286774
SAND,3.102642873803425,9.020340422639755,4.499719684434789,0.14765298820801842
SECU-B,3.0392668562640015,1.7968264132632128,2.4897242564351423,0.24279404690905704
SKA-B,3.4242120407919843,0.4196379537686125,1.9882211307016184,0.15654843961318932
SWEC-A,1.468189233278956,-5.738713248862106,-3.706179363512476,0.13420187696788788
SWEC-B,1.3319370485495352,-6.071383456255076,-3.677963261960184,0.13687225965554672
SYSR,2.4261579036619523,5.422357397827502,4.911071059748178,0.178062307319113
8TRA,-1.5019221384263,5.285738211492155,-3.227797509831148,0.2922888701582067
TREL-B,-19.84376064316829,-0.5645674618512027,-3.1366721966627855,0.06713731973297432
VOLV-A,3.3606693851463434,2.663268611185853,-3.1776281656083447,0.16693370312278044
VOLV-B,2.078637670819652,2.691365724509093,-3.0602236632215782,0.17662180029442576
ALLEI,-5.421070689013254,-5.720422224158182,0.5503124527562728,0.21621020247976497
BILL,-3.058904807280236,-10.97028823659253,-3.005109768500426,-0.10094142495069658
BOL,-4.013961984262347,2.029915260990089,-6.890120414623567,-0.02055763743534833
GRNG,5.38815305554923,6.950090242188681,0.2552869092280939,0.1705106963466514
HPOL-B,-1.5927172905847875,-1.9301586819072931,-4.5336744460179474,-0.028414804118680248
HOLM-A,0.8724100327153731,-3.0962696819190456,-3.9626288988191978,-0.031983317818673807
HOLM-B,4.8691134073915645,-2.0828139202476317,-3.6570957655126377,-0.0028014007240169114
LUG,0.2155663935852937,-4.1277013550888695,41.24726264216794,0.8946699302702681
LUMI,1.851380442672508,1.090116613206025,1.7948389083170444,0.20322333778061186
SCA-A,1.4143330277774286,-1.2130066126150874,-6.137337273663752,-0.036879242957408964
SCA-B,3.551952375351635,-0.9915147050148928,-6.374410707118998,-0.025199488229259104
SKF-A,0.0429368827823075,6.883891693437357,5.485791191206263,0.09398656305060138
SKF-B,0.3872633339852266,7.212386631096128,5.0900090787013195,0.151222235201534
SSAB-A,-4.80107814248382,2.828120072712006,7.90099215074694,0.14615089818995664
SSAB-B,-27.797833556225676,0.6053263487101693,7.360906858669016,0.049441925966570155
STE-A,1.000909918107365,4.018778186124495,-3.6042285641604166,-0.10597881764356643
STE-R,-0.4826269554815642,3.320002886769138,-6.614593748753412,-0.1147607218923603
TROAX,-3.153780442678629,-3.7914175899925135,-20.526863196873407,-0.13409561652134605
ASMDEE-B,-0.5877988600190296,-0.5710302756724396,0.0,0.4187313390527787
ALIV-SDB,11.111111111111107,5.6861080439311005,4.411488668135954,0.1274253488088508
BETS-B,-3.6137514034250895,-8.833015751453141,17.859518802532843,0.37967614255247684
BILI-A,-2.044220670939582,-3.5804192184315298,0.4257904712913784,-0.004345279206720787
DOM,2.1883323025202106,21.84322401902009,-11.279002233427091,-0.0651061812995819
ELUX-A,-1.3647642679900676,1.3454042499685566,-16.38938381992036,-0.21215115943522544
ELUX-B,-2.197180019134845,-3.285516713176611,-20.35695718259645,-0.23781484242837214
EMBRAC-B,-5.72838160400006,-4.100874992757247,-21.354181348686243,-0.399693703970599
EVO,2.6706231454005933,15.332595780634678,-11.692014901505113,-0.03773451342031242
FOI-B,-3.299203640500565,-4.3004899292324525,-9.05388814354918,-0.15772796176035486
HM-B,-5.23681640625,2.2679915808228612,-4.405692914225916,0.05472626080120779
HUSQ-A,1.5538321880091714,7.212977350221666,-8.391239306995232,-0.09124667379256879
HUSQ-B,5.557805691325716,7.690782551299288,-8.319291783689616,-0.0708089950729145
JM,-5.640596317780236,-3.522731404684164,-6.486377075028692,-0.06742403680658515
MIPS,-3.419960700057545,-0.6121020954997998,-4.029839174716012,-0.07130167832610024
NEWA-B,1.700509797732242,-0.3602629494818316,13.69304683845922,0.20734826451619837
THULE,-1.5347952898003334,5.705692359740116,-11.82681369922538,0.023276681558497714
VOLCAR-B,1.1412486970357372,7.847766731558192,-14.975803907733749,-0.36179686795690325
ANOD-B,-0.4359217891405269,6.640137755663457,4.72680220221224,0.037412206534730874
BETCO,-5.008754322512873,7.6010446058373455,2.365543864372523,-0.054829181468024624
FNOX,0.0179032659440746,0.8762215952836709,16.448621052901153,0.16244473213495914
HACK,-5.624762793461317,0.0,0.0,0.0
HEXA-B,3.5231179936498576,7.418435324621305,-6.414078847757251,-0.02827217547949057
LAGR-B,1.266914128728042,1.87542795521738,5.446423140402778,0.3020932830877683
MYCR,1.280531897718545,6.0257426596769665,-2.2400930965821795,0.44033764946475884
NCAB,21.713472203322727,15.255538328296916,-11.606985961114075,0.04382809035683399
SINCH,0.3869257354975918,17.606270203393574,14.262251180805102,0.08729623966551348
TIETOS,-2.932600036853818,-1.240910457780532,-7.218820173920534,-0.14435428733000522
TRUE-B,-8.641311735005457,-13.041674483301978,4.636421734937615,-0.13231343698799292
VIT-B,2.173122668609829,-12.73671617733346,-11.962068881042114,-0.04989803903903978
YUBICO,0.3369238218253521,-3.020444473969044,-32.98417967117749,0.12562441466959973
ERIC-A,-0.8650327533897143,-8.573938683553997,-4.184198705943231,-0.006148859624393821
ERIC-B,2.548505191306526,-8.957761971356803,-4.3854984987489,0.030786305207318287
HMS,3.4892000949442177,-0.5777016698153882,-1.4451296507750515,-0.027331598125590162
TEL2-A,0.9421265141319016,4.456628707999441,14.63301793712359,0.15753433371505499
TEL2-B,24.79185505992697,6.715028780414036,15.132644968630938,0.26161950840155535
TELIA,1.187916497843431,-1.1040339750449335,6.606139320583278,0.04708366173301615
ENITY,2.7445645328286576,0.0,0.0,0.7604367083068779
NORION,4.243855852830347,17.09260127669956,20.82592508024948,0.1806456957869269
TFBANK,-2.541817454023157,7.306330860267059,7.288539928639601,0.3289054892202643
APOTEA,3.761582464911553,15.971070311292568,0.0,0.6294058215929266
CLA-B,-0.0246741323513401,-3.4846488043913175,20.40775829729155,0.2259375857851773
DUNI,-0.8891768898443284,-3.6023142360708555,1.0744132414415213,0.014029056275596474
HUMBLE,-0.0251813489713644,-3.1487043453120775,-19.31795801873364,-0.21393565462024644
SCST,-3.644741892459817,0.0419103488397333,11.416402912141413,0.37566850999355306
EOLU-B,-3.046597716628859,4.207518687884678,4.862351459850113,-0.18391056999154132
MER,3.501628010576214,-1.1955098369384016,0.0,-0.03275069714780976
ORRON,-2.63659766308703,4.88919202533783,-16.638761328411412,-0.267887692874353
BESQAB,0.1246369510099708,4.825364598221261,-4.462335043194857,-0.2210545510758497
BESQAB-PREF-B,0.701086571170758,4.771538553356288,8.589527348789018,0.08606402432549576
BRIN-B,0.1481470195419497,-0.1479287703645494,-12.035977531042043,-0.18172921328824565
CIBUS,-3.101020801951927,-0.1662264414837331,6.447061711367974,-0.006548009588737247
DIOS,-0.6149925670894884,-0.7003840189473415,-6.626663792844141,-0.04241751095897861
EAST,-3.906969919288816,0.8207168619015921,6.120875201550486,0.25892595805577967
EMIL-B,-1.4943000389337582,3.3985012156950045,6.207577032440991,0.1902232247138873
EMIL-PREF,0.0643509232791683,2.3097565541840583,3.562051978888721,0.1068810119461483
GPG,0.2451008418485081,-4.507793433795886,-6.399613623497231,-0.19508090064630867
HEBA-B,-3.765013312996208,-1.7851445522797282,2.6692928734623345,-0.13983622945171315
INTEA-B,-4.042019133765063,3.730330842414969,0.0,1.2046863154388427
INTEA-D,-1.1758821000670894,6.023553284854764,0.0,0.42402432214377095
JOMA,-0.3490962532990034,-0.7934014235777146,2.028557033462832,-0.08247145143045354
KFAST-B,14.958074766544868,8.95962222624594,-15.248839598627578,-0.16323887668923653
KLARA-B,-1.474106892327533,-1.3350893962504902,-5.684780085078723,-0.06378020018237762
LOGI-A,0.6250017844140334,6.887567895539541,1.5714631820395275,0.033781809056631085
LOGI-B,2.191545704141099,7.850817190722273,0.6067098930174631,0.06790286944704427
NEOBO,-2.363821772091526,2.478584715001152,-6.340757436203854,-0.03910521299908787
NIVI-B,2.3331011117635256,6.804500065832032,1.7533978824336487,-0.10905060624175678
PLAZ-B,-1.016291003693748,-5.042038544850178,-6.188556211308624,-0.03813389881382645
PRISMA,-0.0987189433085144,-1.1051241142993686,3.1297757948916973,-0.08127978705653705
SBB-B,-1.7633180501955643,-7.070208303304376,17.988679876098377,-0.21370762003822252
SBB-D,2.0040983202539153,-6.054000308629461,17.54323761707173,-0.008582685673344193
STEF-B,3.0106991789002295,4.699630073464274,-3.786528776630185,0.04729077225690981
SFAST,-1.5627804641041343,-0.1497151502580494,0.4661752462983058,-0.0768816145295691
SVEAF,-0.5859880272739989,5.239169182015047,0.0,-0.015601193851298212
SLP-B,-0.7877922626708509,0.9769567990158192,4.508108916541906,0.06352403167046927
TRIAN-B,-1.537488458191084,0.1212530347948816,-6.991681397222351,-0.15274281916897015
CAT-A,5.370495987792969,-0.4099369752445132,4.3854194584713335,0.022640197286266428
CAT-B,1.5056676617921745,-1.1743400379426236,4.2946206672846365,-0.010824066829818069
CS,-4.311972953226357,13.052699178016317,25.131793681103034,0.5742947262996245
CRED-A,-2.047403360563388,1.985518738523876,3.507273529963824,-0.040727137881987785
FLERIE,-1.8495407914801243,-2.8763501646693856,0.0211090972536046,-0.17555074339565047
HOFI,5.070511695334503,2.4800865244479646,5.857529415770682,0.3851564390354145
INTRUM,-15.479751307206346,27.460539655163537,43.747393929952096,-0.32064810032782776
LINC,1.3539622190222236,6.542287970344965,-2.872991551031775,0.08227040371107552
RATO-A,-1.5599813750840914,-8.115857062282625,12.056722470117473,-0.0964975909193101
RATO-B,1.5572106930974998,-7.943531995263689,12.980673443751044,-0.07707567589628983
RESURS,-0.344264852158229,5.244088351845728,8.094068353793773,0.09959536141461367
SVOL-A,0.0,-2.966625463535235,-4.600126224398155,0.029921610814328092
SVOL-B,-2.358994432274135,-0.9834907258177272,2.4566786707692336,-0.03719109530263831
TRAC-B,-0.4133784291619776,-1.0707115770689253,1.260375493381488,0.07077535055390816
VEFAB,-3.486289248553307,7.27438723985088,-2.3272430630060223,-0.056952285267128255
VNV,-3.823033853975464,16.77598288052738,-3.772871372950808,-0.10989182561061417
ORES,-2.519496546920948,9.877071981666154,6.992669374944822,0.11938795708032202
AMBEA,5.509569688372946,5.203441266940148,11.015446060107196,0.39559471581863725
ARJO-B,-2.5712017982956836,5.206338748972122,-4.708537301113615,-0.13413261585139802
ATT,5.126239249069567,3.2907629484523477,11.906613470762377,0.4263008788460143
BACTI-B,3.36454775847801,-6.170669488494798,-9.175288419718385,-0.3571372704872734
BICO,1.1199321923771692,2.8494108177855653,0.2620862911563086,-0.02438206485194916
BIOG-B,1.4278665212541348,-1.512946003685775,-4.137714827990302,0.036648330623430425
BINV,-2.607365103937038,7.505014593531204,3.8661887323029416,-0.07791503961440516
CEVI,-0.7736303491922323,-4.096773681164285,-7.240124282095427,-0.20513996924305344
CINPHA,7.063886612263841,7.843875730118293,-7.956139424056818,-0.40383636956805924
HNSA,3.962984767303675,5.479020428565707,-11.321623810332271,-0.3000162987276227
HUM,1.809637785457952,-1.4216842836099297,-3.278528752206805,-0.07468294942184783
MCAP,12.798634812286688,22.414873616043455,2.1837043994279166,0.4472548920874231
RAY-B,1.8105849582172704,8.484975338236419,34.0937833873567,0.7221205736162355
SEDANA,-0.7749785000949343,18.801789002326704,-13.823528427985073,-0.19662060843055573
XVIVO,-8.333333980889961,-22.093660370622796,-27.940721551165293,-0.04801002455137138
ALIG,3.3374537094258407,9.65031012299714,15.992159684063695,0.38654611617550394
AQ,0.4870546013842546,6.7293380481281595,16.00703425316798,0.5237690549723397
BERG-B,4.977821586988656,0.445544554455453,0.3294647439611942,0.47236890394068576
BTS-B,-2.722829881312541,-3.675873884755557,-12.339648521164568,-0.1483028204524235
BUFAB,2.354712217710584,7.77958546920893,5.514906719767788,0.18868148426011122
AJA-B,-1.0317157050057275,1.607392452244132,-0.7032100120092067,-0.02002347171650265
CCCAB,-5.337465901604086,4.256577534505754,1.6547968773717967,0.003794249892075774
CCC,-6.119031324399047,0.0,0.0,-0.19462564423277673
COOR,2.942437447387665,11.633564298928476,15.305396819559796,-0.1387662139812318
CTT,-5.185844647229025,1.3333694470075776,-4.949018574506503,0.02093254557041835
ELAN-B,2.775825582551419,-2.959628868144559,-17.724159307209646,-0.23778265511219088
EPEN,0.7326009885210663,6.879738039984856,1.9459943871051155,0.22538222763845916
EWRK,-0.5804182253822572,0.5686522119473344,-16.01447326965615,0.024733657340950677
FAG,-2.718722579252412,-7.905352500138818,-11.769225618301672,-0.09407690253683343
FG,-0.4223531692592931,3.4343703595586685,-7.747320220750053,-0.29663328187169347
FMM-B,-2.5050803173598264,-1.0451561300695087,15.44046350656706,0.004073484213685363
GREEN,-5.444127916798375,-6.286526999321676,-6.709105540485398,-0.06347248836281472
HANZA,5.06495762866869,19.90337318622618,15.910034352950616,0.27821699816236634
INSTAL,2.8206092354121544,5.2819143535723185,-15.466371333619252,-0.1671866639916274
IVSO,-10.489305596249638,-3.374667346129895,6.787414286817683,0.23203922326210025
INWI,1.0989002512929738,-10.281183687581787,4.881740343375594,0.19617556230304456
ITAB,-4.555999484923334,-15.78592056102158,-1.3473461352146907,0.23761621033696656
KAR,-1.0193997615845558,14.77204088348826,17.391520851675917,0.22554545939843074
MILDEF,-1.4959750027675245,-14.24035196130058,21.17332091908151,0.36182793226187493
MMGR-B,-2.3833675176246496,-3.964156886114386,-3.2779903614574724,0.3973010081183326
NMAN,-1.0477307973759071,-3.664991597261717,-10.903224149465784,-0.006728202153106211
NOTE,0.7885532482973081,11.236972675686037,13.213023540605851,-0.010177896116384644
PCELL,-2.5487245224974173,25.23093480739237,-14.513628465102798,-0.4359748531246356
REJL-B,1.1973352670153148,1.1144312729324333,19.37333962958396,0.1636910684385542
SDIP-B,1.0538746544952464,-5.955910551837013,-3.5733501736029396,-0.09309583146318046
SDIP-PREF,0.4136893569010992,2.365668497962583,5.592196868742424,0.11507646342420186
VOLO,2.0333405518390384,-7.222977306954643,10.707626590844772,-0.06381270628508906
VOLO-PREF,0.3086419753086419,1.0794284644662069,3.268113942987706,0.07844647868861787
XANO-B,0.9745975537057752,5.016778107350125,2.095774505435884,-0.19385718741894853
ARISE,-0.8905493445662955,1.056726955819837,-3.5865129017312056,-0.11614469586711562
ARP,-3.54492992580379,2.1078154189457723,-25.41884269803285,-0.04581395780261366
BEIA-B,0.214049425958362,10.739990518467431,20.92917478242932,0.10205226104654708
NPAPER,-12.356240293405394,-7.477476669294067,13.029697115070253,0.10927746003149208
RROS,1.2527912404285015,-15.219436092331474,-51.9984286282154,-0.4177499812651013
VISC,-0.0622303652017144,-4.045953221546885,-14.339346775797813,-0.08838306247827832
ACAD,1.2077829755172564,5.8199807899463,13.959889892834909,0.2592546404134233
ALLIGO-B,-1.1252568754569938,-3.083942251661647,-9.652565417205963,0.03217760574256734
BHG,-1.582710904476994,2.12001395131492,11.369897568132702,-0.10849235863941942
BONAV-A,-6.564636906922407,1.0088683983032345,14.781195837072056,-0.33049592581513765
BONAV-B,-4.878447914265719,0.3043990011772296,20.893883350073768,-0.31667371151893364
BOOZT,3.136446220654138,3.562324424664255,-20.093210728110613,0.08085947471093524
BMAX,-0.5897213492500163,10.70076194260553,11.476464966514248,0.0722653880150792
CLAS-B,1.8106442049006748,5.977593786665426,27.1273687763128,0.4857902528752087
G2M,-6.6254721708842865,-13.119984621749223,-32.07390421391949,-0.12922835366233298
KABE-B,-0.2764612954186369,2.547486938560606,-10.687715913558035,0.10442706172918848
MEKO,-15.116056510733245,-5.6436421873493,-10.46326730336383,-0.07096495074383191
MTG-A,-2.857142857142857,-5.8633674018289454,7.366968032194918,-0.003246036707619804
MTG-B,-1.9963711220863725,-6.174942164532972,7.257263950673918,-0.007045411811357649
NOBI,-3.909184116531094,10.599282389210924,9.777924394538047,-0.4531934013716905
PRFO,-2.525476625463705,-5.895597105825589,-31.557591622466703,-0.37649131191777696
RVRC,-2.4252891993620382,2.84711450039295,1.5916709983203845,0.018052490866804938
RUSTA,1.7199334555413952,2.6793361344641347,1.52344686669879,0.3749814766738191
SHOT,-3.793460569688284,2.6591486322547806,7.875524345115538,0.24731145527018827
SKIS-B,0.0712485334454492,-3.2959185246951037,-2.7974897822606084,0.015022192585299354
SF,-10.74208943162084,-18.009303859264207,5.805750998312484,-0.4197352068325775
SYNSAM,-7.523792675718253,4.921059799857804,13.262214192964104,-0.026080508642061018
VBG-B,-3.445399862954962,8.442809338895284,-8.449261433688019,0.32298488252761914
VESTUM,-4.191612777008721,-0.7252405399035585,-2.2560180963020806,-0.15590115433556895
CINT,-1.0847453677630297,-3.04090018028285,-16.512336290723017,-0.5316589457250123
DUST,1.4656164243167709,-14.561068902532991,-50.57988218256394,-0.6385291733862256
DYVOX,6.7479699607787085,10.382208953440708,44.99050231512077,0.6872639145679023
ENEA,0.0262867139919852,10.078999469581891,-19.79622404524352,-0.05991054308149302
IAR-B,0.2810533425994206,32.480414703806574,4.665267865472577,0.127690447801581
KNOW,-3.404465350733452,-5.200901150743909,-6.302868530052532,-0.24045639132481877
LIME,-0.9875259875259904,-4.166562896919275,9.526292347111792,0.10334638117871986
PRIC-B,-3.942731526220885,-12.796764930285711,-39.0090186602541,-0.353527927592599
PACT,-0.5984381292978461,-9.074979492422594,-8.91964885608843,0.05254333402880862
HTRO,1.0183526554767697,-13.787105940985606,-23.862735068798983,-0.4435322690882786
NETI-B,-0.1866774451448446,7.939279469359738,-32.08772744684791,-0.014996440892034224
VPLAY-A,5.153203446675966,8.361001141921005,-9.41590580049236,-0.8268051197019401
VPLAY-B,8.96994667879744,23.38165874779727,2.8606695792326047,-0.7814537976746301
MSON-A,-2.521005978936861,-1.522674101639151,2.4774357487545773,-0.1967999803526358
MSON-B,-2.270484449422059,-6.2384286704458205,0.5817629102814048,-0.29374611878828216
CTEK,-3.617570091551012,-1.6393449378017153,3.620597877084584,-0.42880163394912973
MAHA-A,1.8833377785541183,1.3843210681815987,-26.737193928325308,-0.3622402996402081
ACRI-A,-0.5335349869924829,2.300195543762828,25.5912861846728,0.14405483065269653
ACRI-B,-1.1718772439053395,3.1925184400088216,26.24209334741845,0.22120794792385312
ANNE-B,-0.5988006786026645,3.2036392998355936,-1.3363394845562595,-0.17944541917751955
FASTAT,-1.7796371474648662,-10.934225133166208,-11.947498043035488,-0.5921811981788161
K2A-B,-3.6544830163845985,-1.0785455085580105,-17.77884255811412,-0.2678844561651922
K2A-PREF,-0.703871101666839,2.128315706812378,-8.711981954592133,-0.12922670285426152
HAV-B,2.9662490334008416,6.221932187461846,-0.0169907655664618,0.019187049237590736
MANG,2.009273570324575,3.564187386618288,-4.411689702657214,-0.15851945863731176
NAXS,1.248269076153266,3.883005809423127,2.3361253109192424,0.0212565314816473
QLIRO,0.0823687089183147,12.145440685525356,-5.892698672860035,0.12118772342864226
SEAF,3.8565617032087904,10.736494752519937,-0.4966968945317154,-0.3865055312251755
STWK,2.162912291226742,-5.464195552700916,11.011971150685774,-0.30093855225788535
SFAB,-3.760776457573262,-3.861605181092189,1.1648610138066733,0.21165287748868122
ACTI,-0.6448519268030536,-2.156436705835831,39.26904993957224,-0.46730719658710673
ATORX,0.6974074329299887,11.61416400174988,-81.43228101389124,-0.594695401528368
ACE,4.079890127462795e-06,6.2355124319922846,33.89521162454967,-0.3981313147308332
BOUL,-10.013717735163464,-12.728056937813614,-0.3034505483045386,-0.2910030195333454
CRAD-B,1.128412602443087,1.5167345508423773,8.945286465428167,0.0023646530491994167
CANTA,-2.3742580152754855,85.48779631406137,-6.306091005181512,-0.17346164233853367
CARA,-2.280130804418606,3.521102193574546,21.27917162866328,0.11848596452169935
DEDI,2.494641489291569,-1.745707419278527,-10.521466185025156,-0.17360766414320816
EGTX,-2.105451855034256,25.75527861803149,-8.82003974247102,0.09882622124002816
EPIS-B,7.683884823841773,-36.24176720772901,-27.201413220120212,-0.6980556569936269
EQL,5.194239813798819,4.058319997587867,12.613343877101052,0.5164736667251246
IMMNOV,32.563086113096354,13.026644364596516,-8.080276385656004,-0.7219200949205824
IBT-B,0.0400169226627747,-5.503772610179027,14.999809565802073,-0.09472632069791531
IRLAB-A,-4.8044014048531976,-35.850954782733375,-45.17095904986687,-0.5481244162044379
ISOFOL,-4.864977600522667,-3.7066589240704593,-49.55070854756971,-0.5128946366875178
KDEV,-0.6223635587180095,1.2398371884585904,-3.7906860915366503,-0.2784569073716012
MVIR,0.6501289481123868,15.63349211269591,-17.76996818725705,-0.32234950040186494
IMMU,11.86999456101304,22.890799997212746,-7.555481862283068,-0.3870395057468775
MOB,1.4605911923769126,1.7112525767489264,-12.358869321431673,-0.11598264030861105
NICA,17.11079552880902,18.902693376879014,-27.01347336646323,-0.4765671286375879
ONCO,18.96571199503322,86.33938455279431,29.182027129728073,-0.4668313114969157
ORX,6.582454329631014,8.4474042366923,16.279532599239328,-0.036505525467194544
QLINEA,4.3252294065617045,1.3050996456518045,-63.99050762526157,-0.8328117460331634
SANION,-3.4749018441577193,-5.179283964149791,30.831838939769668,0.33356610330280145
SEZI,9.66425786348165,18.769448404651193,-3.3484164559046357,-0.2207465414381834
SYNACT,4.304950649478799,12.611986364240396,26.633194740111048,-0.33697084192989935
VICO,8.199903810076375,0.5145212350287288,1.869263462698122,-0.32335195602271716
VIVE,0.0214201400968359,0.9557169487735184,-6.075407352435434,-0.3064157748349604
XBRANE,0.4749746485624754,9.794450878709492,23.675783540416777,-0.8508556695729961
XSPRAY,-3.417819356415741,25.318830894217133,5.891744338481806,-0.03221856020326008
ARPL,1.6333965936653565,0.6127257657161204,3.0645169900750666,0.0559003411001453
BALCO,-3.110050594171802,-0.3258888798338245,-24.834018968385504,-0.2858023305505488
BERNER-B,13.351662722899388,15.214022585519013,34.23800803166795,0.49391193705950154
BONG,-1.2729832178444935,-0.2201636901564681,-6.42941280474363,-0.14579636188093625
CNCJO-B,2.4140457358484047,-0.8366381221615262,0.1335926477632794,0.04174022239630859
ELTEL,-1.7608858299816998,9.687912934097,28.97854231884726,0.09288504968193134
FNM,-1.4296483376399542,0.1528709292186809,-14.718276749112464,0.17396693741587255
HAKI-A,-2.4199854042417996,1.4733849653896889,-2.624645230079687,-0.06453089200464346
HAKI-B,3.968941583678835,2.7300118509545888,-5.755911923336757,0.21002072901358915
IS,2.3231553680220127,-0.956566897909766,-5.244477938444039,0.13230073599031966
INFREA,-1.4221071829202223,2.9000928909485513,22.180817512066252,-0.14591029238743047
INISS-B,1.344088072417877,1.439790871371586,-0.3071907987871736,0.072177185615514
KARNEL-B,2.951041207345785,6.79177080370524,15.873198928646156,0.3241483265302414
MEAB-B,1.8474654720429968,-0.1324630070329413,-0.1233220240233684,-0.006149511192282686
NETEL,2.3166056219984426,5.887163352234473,-22.331022240205428,-0.3573514855313038
NGS,3.567717239233114,-1.98275280945908,-4.475578391312266,-0.4346107152495846
PION-B,3.8917051999091345,4.5721579279063445,-3.6385336160956303,-0.2020273746826522
PENG-B,0.7049353155263649,14.631592806657547,35.62262215239301,-0.010991099637921886
RAIL,-1.0989010989011014,3.046087378718411,0.0456815305018973,0.14648500616133475
SINT,-0.8620689655172413,0.5091492905956204,8.041535920561872,0.028970284772735777
SVIK,-8.568573569822636,24.21647117234532,22.73756477425685,0.2526760407565438
SVED-B,1.6109070115648223,3.189390580498182,15.752045490011898,0.23130075487361257
TRANS,-0.6065139650606263,6.269072506232022,1.6859831625667483,-0.17028572413562704
WTW-A,0.330988512426688,-8.095364739299693,-6.984538693356697,-0.1802091652829525
WISE,-2.453800243338624,-2.9688414025486902,-3.530412321865694,-0.28274662282129737
WBGR-B,0.8249326658720255,1.5582812593826771,-40.780307477794665,-0.4274533442748051
BEGR,5.994259154131687,-14.616853005852173,-11.604426525742094,-0.32210045870961834
DURC-B,-2.3228132472235665,2.6660141016719767,-3.5057081840808504,-0.1300706076459205
NORB-B,1.146604744850759,6.824147372309598,-8.103827819287218,-0.3197733485234262
PROF-B,0.4536616979909194,0.0259302476338781,29.441199892807763,0.04058930119898618
ATIC,7.869948844109631,31.792879411305524,90.98863417679904,0.5763583416862221
BORG,0.994514855217266,-0.2633646780226925,6.623418368652476,0.19579466029879367
BULTEN,-0.8010896757172478,-1.0256755523307437,-6.810523781135933,-0.03259125856515266
CTM,2.505690987610796,0.28097047068915,-46.38506073736718,-0.619437602137759
ELON,-1.2658243943870289,-0.3112643105201504,-0.6709823232872794,-0.23775469777043978
EG7,-2.9126217741138367,0.4139550722131992,-0.0389804726540166,-0.06209912856602773
ENRO,-4.433293065920615,6.290286344504762,-2.938384939470658,-0.12473304850686917
G5EN,-5.34602517063262,-0.4099126312658545,2.204964311908311,-0.18034613258945276
LAMM-B,-1.4046453244485655,6.8644989533995755,24.429472471706024,0.0922054026496617
MOMENT,-3.719333575613396,-10.81259028871104,-2.306392985901464,-0.17747512818837108
NELLY,6.295994121810365,29.71723093752008,31.9023096168398,0.6682116434558367
NIL-B,-1.3599633879831128e-06,-11.186398717456818,-1.0242194751126097,-0.17502180971549774
PIERCE,-0.0225730899023843,5.389591764111862,-2.8586273146118337,0.06184562144918293
STAR-A,1.5004423626015837,-8.82021496468385,1.2043781632188222,-0.3404335110929735
STAR-B,1.3563237051089263,-3.628496390532644,-2.9214744017617904,-0.35725870010633287
ANOT,-6.5434695898041255,-5.034522664874581,-32.3702577652669,-0.5176306221131177
B3,-1.9643814006174631,-8.69623500940446,-10.925227799304464,-0.24167837798907366
FING-B,-2.7635648610790784,-9.920708711093296,-51.03195850472806,-0.8160038948698884
FPIP,-1.869161890033572,2.702303624386691,5.3324166588261885,-0.00021132425921743803
GARO,1.499137582170441,1.6528267736390052,-3.960728739155398,-0.5081170793753729
MSAB-B,1.186322939281493,7.538178169003536,5.029487113415774,0.09374903840128201
SAFETY-B,1.834208990593102,-1.8024638664340424,59.07134461390709,0.28249769324598284
NTEK-B,-1.7127292719909482,12.962799980661169,21.776071719731817,0.2144791412383451
PREC,2.1030551464639813,-8.673652114230416,-12.887352482025314,-0.1971241359293635
PREV-B,-5.660377706702564,-8.910628991078898,-8.767192229047902,-0.08505133086995809
SGG,-2.287620294957532,2.019515613189718,-16.145781739397417,-0.20210675066416128
SIVE,-2.7692947963997994,-3.3486513960938344,12.883714623182865,-0.2610737404089253
SLEEP,-1.182569131068009,-1.3141070981766887,-16.749861695201254,-0.06199093022685109
SOF-B,-0.992186087519662,4.537229421588058,2.961303674882393,0.0361094600595433
TOBII,-25.66819907633709,34.49585976906493,71.4636881843282,-0.4372295086843617
TRAD,10.57304685071345,17.79806032423778,27.457435420529865,0.16560921446717103
DORO,1.935750709216724,21.85390450562299,12.34969890600584,0.5064386416039033
OVZON,-3.9246848595304384,8.724069426488992,66.01253385543036,0.06318612172441496
LEA,1.9750068446600864,1.6053731146673529,0.0,0.6785747754785183
CHEF,1.1838507449270337,-3.1799834453290514,44.48407253008907,1.4441686311505122
VIVA,0.0747783344290251,-0.874635035434139,2.746068648280848,-0.034291248113156314
CLIME-B,-0.9779912547016624,-0.5013848265788333,6.717256818635985,-0.504222022420961
HEXI,-2.326916698990335,-14.522149401438757,2.426866136466167,-0.5817573098293459
MIDS,54.29717574107706,53.75065220654037,14.292170300222166,-0.26764592956872824
AGROUP,6.382979185963748,2.229472306981702,-9.0552642551963,-0.1734971849150867
FNOVA-B,-0.7633595010643862,-2.667359670473877,-0.5927209579842068,-0.09107049011927404
STUDBO,1.0464345997788524,3.6469615973026017,2.620001624339762,-0.332229778218191
NAVIGO-STAM,0.0765891518599188,-0.4371898125320513,-6.357555417370921,-0.5230144243894375
NAVIGO-PREF,-0.3215434083601234,4.601026376644049,9.222717794933263,0.0784516717269268
VER,-7.47351993246855,0.3630884347261398,-9.41575326384118,0.5768273385264555
ACARIX,2.2669996069021128,27.72665840728825,14.013851129914997,-0.1877338038232811
ADDV-A,4.1041010143807695,-3.4533856935416782,-53.98259581502823,-0.22904635706568055
ADDV-B,0.3955810119488165,-10.545197573287428,-34.13965115829477,-0.3953170693537539
ALZCUR,2.143335143483436,2.334707091752564,40.93030851260663,-0.010420248401883603
BIOVIC-B,-1.5039837338203896,-9.708661573368891,-48.794302562620864,-0.7227323716037297
DVYSR,1.9485971216584987,16.722155043183808,1.010118004346223,0.27571413096481834
IMP-A-SDB,3.657632004763861,38.75077181976882,24.877323594128708,0.20501985756784724
KAN,-1.494114989000688,7.561901869149554,10.344231689260834,-0.31842711683725067
NANOFS,-0.6349765511012699,4.437753705395369,-16.241574348431822,-0.3240240706940396
PTRK,8.293352493275597,5.916515695234027,18.4345151043025,-0.26835206717477
SPEC,-1.9083118231845615,-47.441771061924,-78.48660010307125,-0.7162979075493794
SPRINT,8.317932712637088,12.310568207760864,-57.32000561137664,-0.39037951082509714
BYGGP,-0.3574659382094897,-1.487806653854296,25.164942456729595,-0.14644674274367064
KBC,6.70762616307443,-1.876816007439992,0.0,0.7305969474298222
NYAB,4.380240413032528,9.885982202817289,7.457024579420798,-0.3242888478057222
QBEN,-0.6959544109002511,-7.64050065528811,0.0,-0.5612095203040901
QAIR,-0.8264485033210515,13.377060491340616,4.982062199786167,-0.15731516990588468
QSYS,-0.0135114814656405,1.6341653763888953,0.0,-0.19798257908204708
SALT-B,24.45709693941533,32.45125146678669,18.11940596676394,0.10838238736458528
TAGM-B,3.049754962031794,9.575066782127951,6.481879763789185,-0.019941017964930974
TSEC,-6.434783314811267,30.746001597738005,0.0263837574166024,-0.13798324585819455
NEXAM,2.914623740680086,1.1848840790035116,2.019570312290933,-0.07551128594891177
AGES-B,0.0,0.902996358587268,-5.806062385896612,-0.010449966838632752
DRIL,0.3971784119029158,-0.4087361848311263,-4.169227483577326,-0.05877339729837472
GRANGX,131.9606793311406,13.288565375463552,6.7900288894472745,0.11505345128431732
ACROUD,-6.674538141238304,20.721620694328095,-40.71756956239196,-0.5770826025961222
BOKUS,2.0645498916205605,18.56167679142246,15.051218419714202,0.26625048359078596
EMBELL,0.3757425631780277,6.171994270262561,6.735927423828196,0.14551237336680023
LYKO-A,-5.9684653844687485,11.620892752899453,13.369612692063887,-0.12405570588965531
MAGI,-6.482467824522092,25.113014459109344,24.894762522245127,-0.08774299047411216
PDX,-7.467155140159039,-7.135519074634196,-2.6530354981305506,-0.022845632530162252
RAKE,-0.8849582766224184,-0.9814227904483968,-27.980461131525423,-0.4654933603647238
RUG,0.5100512351727678,4.786417431737708,28.209850351978837,0.1386661118467114
THUNDR,-58.51265346374708,-9.50867676179102,-17.403499707342686,-0.7713463374554277
ZZ-B,5.967078189300412,7.961564464734291,56.34435548871727,0.983976103772934
4C,-1.9607847388348163,4.093948553182133,13.516090272530215,-0.19923460615517896
ACAST,6.745989590231124,9.382673472292703,2.962537191272955,0.09464142729731528
ADVE,-5.817739257991717,-0.7750689644122659,52.69530350958392,0.3237116603488399
AVEN,-3.38625994686007,-11.3000393437384,25.817641965270287,-0.09118355668474132
BRIGHT,-0.2436036774018813,-41.98940093546324,-62.8870746575927,-0.6554024850040864
CAG,-0.4952723998198983,0.1262284735371026,3.6624908359948543,0.11894568095965741
CX,-1.5112065229374698,-7.771422886508487,16.41147870468839,0.03448157024813936
DEVP-B,-4.611330605581922,-5.319094779065963,-14.140830568113897,-0.15346802955394123
DIST,-17.371939071653937,-14.076852679658236,-75.19332754280973,-0.7851098586927862
FRACTL,7.950399920349654,14.58830780751017,17.36348573858912,0.29245944047422756
FREJA,-3.099252196623588,6.084568841141805,10.058125353455123,0.13932396934075264
GIG-SDB,-8.70949267700379,3.0411453909382686,35.967002087793695,0.18115534865675964
MNTC,1.355930910272113,-7.186005693330044,-26.538159160520316,-0.37067372227530004
ONEF,7.405974423852582,0.3580042463467846,-16.079942263282394,-0.14549519016685786
PRCO-B,2.5862036080196016,6.588257362788121,-1.3897030375291073,-0.18628527859056687
TERRNT-B,-0.5630325340526641,1.9973134252690397,-19.958708669738947,-0.4746912779162946
AAC,-8.644899104387042,2.8840958357811908,64.7639976356669,0.11269199039933575
GOMX,-3.474902160930398,13.799162524725023,91.70146981378284,0.3442788518298636
AGTIRA-B,2.2615506691372564,6.895101950623679,53.40739793067393,-0.5265958077201889
ARCTIC,31.77090789521128,-29.00005509642651,21.52081340617307,-0.18244281008805607
DUG,-9.167011786460536,-6.705926554994002,79.0963770606536,0.12784859276881333
HAYPP,-5.98400554590277,17.91003808539169,42.32735822350296,0.941939636552912
HERNO-B,-0.7665233804113039,10.094881925657669,11.241284805072516,-0.3842036170523313
HIGHCO-B,-3.4676663542642947,0.8316008316008409,16.200160457811446,-0.04413512407111386
INT,-0.4390089746644635,36.1714848839212,73.29997172730582,1.3342125894350998
NNH,4.885702280055383,6.756624911892375,23.097765865337394,-0.008401855206486397
NICO,38.99613736121186,-2.499625112723332,-18.211767248217043,-0.13691663449547897
SNX,-1.036440881056055,7.273509214646694,24.255755475424987,0.49574756853985424
SIMRIS-B,-1.1692674102086211,14.52912948543082,43.33334766724437,-0.15714623912785708
SKMO,-3.8631701930193016,0.4919375660084699,21.646325653767928,-0.22914683065231878
SECARE,-9.69213574886866,2.876313776985558,-1.4056355975364134,-0.17237999051692288
AEC,2.515604647245796,-4.181959210373779,-2.0101005695585523,-0.57694504071646
CIRCLE-B,-4.815224506361231,11.513486540281178,108.37887035413988,-0.2605132732656885
META,-4.18279197297747,11.002477764411555,33.20074274602944,-0.4586751356933949
MINEST,6.237691308133336,12.005718690625615,30.98594502663455,-0.3587058256458908
STW,-1.6459254818109244,23.650442970487823,138.6342099594827,-0.17786480504406987
SNM,-3.84138564504789,12.920830846150642,21.324422854629265,0.3406216955597956
SOLT,0.0852704731646311,-10.069494336374389,-12.60586547082838,-0.5255117054409488
ALM,-1.8055869096270063,-5.6123654484525884,-33.166642358300216,-0.5103291291417529
ALM-PREF,0.3002993811044411,0.2949180933905869,2.735390734192904,0.045088827751038174
ATIN,1.3904957969209093,-3.886844710159541,-10.849653704798724,-0.21403815967938966
BOHO,-5.275429745841347,-4.279656845292576,-14.591052357328628,-0.36231496691255627
BOHO-PREF,0.6493531291076322,3.424671120254553,-7.261158472328335,-0.11283249905393533
BONAS,1.0676156583629894,-3.170227429359059,-11.134247917687413,-0.1303393607507397
DOXA,4.127885658907679,2.816679271379152,-21.519289336089884,-0.58061164147136
HEIM-PREF,0.4224449094241271,6.3160885239252025,4.48213439393289,-0.06655257537347903
KAPIAB,-0.4479840716774543,3.2123627563673325,8.633198523179386,0.11274435069081434
LINKAB,0.2044989775051202,1.4033344391356306,-1.5622963359084336,0.132452897593762
SOLNA,0.4942339373970298,1.514114533605588,5.733760803179083,0.008168794960514925
TINGS-A,-6.794948994452503,-1.6558251756327746,-2.1496972738534548,-0.3078187744076025
TINGS-B,1.6437410207532217,-3.101027338989355,-0.4755586093468733,-0.11403370653370282
TINGS-PREF,-0.2872384078785423,3.630151809333934,11.845953763250892,0.18718705735366736
TITA-B,-1.76909140399009,-2.6137428952865767,14.82751664999182,-0.02477949451152861
ALPCOT-B,-1.1473952065113222,3.0937211168649683,32.47747283382389,-0.14545795437239528
BMC,-3.4107165835059337,7.345588222651355,0.0,1.4636563783851813
CASE,14.777618155025417,12.202189607574947,9.51401605546729,0.048844847050475204
FIRST-B,0.822497280690315,6.867415966387924,1.222662577334794,-0.2891142838235139
FLAT-B,0.7863816448130738,-5.957382538608149,17.41033837298474,0.19431532762291548
MTI,-21.30892153083099,5.568349533291996,13.99104622752855,-0.3261519919543151
NAIG-B,-24.448473118841733,-25.96904851768685,-9.49460411431988,-0.3700734157579533
NFGAB,1.1029401130226768,-7.435765543883252,-9.037088504749184,-0.43309779003267623
SFL,9.489053391163244,10.84832281759803,7.741827709363995,0.16797062823362618
YIELD,24.560521280001428,13.022253212546865,-5.845881689714223,-0.31857738249767575
VH,2.60723169391665,3.0775901242695927,-0.3913511944140908,-0.12687871340650025
WRV,4.011883164341626,-1.1565982438291562,-12.412514502874432,-0.5456684174222142
2CUREX,-7.876710519600056,-10.520025377649748,166.62908229793595,-0.3921247149435898
ACOU,6.865843414143619,5.4912422840290125,-55.42316776017159,-0.3976450394433163
AINO,7.249257278112919,-6.456108301499771,16.720654998907953,-0.21739346410824234
ALZ,-6.3852804497874835,7.150312092806599,-36.06980618637878,-0.020333792262128392
ANNX,-4.974491766396792,0.2445371720801679,-17.518608069097017,-0.15671810636703887
ARCOMA,-0.5318044614470764,3.67783570704285,-6.61409617133031,0.11325025334257655
BIOSGN,-1.0988982446172322,-3.457105724269743,6.803418292817927,-0.54180079464147
BRAIN,-1.6122909031468882,-0.765956403989316,-1.7273662331732873,-0.2714111979149104
CRNO-B,0.7994101992227658,-5.806495600739123,46.87563253635656,0.4307015475655791
CMH,4.071015837999493,-5.915217117549822,-45.02017450216045,-0.7061502487153921
CMH-PREF,-8.786049196770048,-11.967880528330454,0.0,-0.33173291642543234
CLS-B,22.648228536637347,47.6914303437617,-9.079176771781428,-0.6832870196365876
CLBIO,-1.3133236883281492,17.19849432460106,18.83191570527329,0.10445695116845188
DMYD-B,5.6625278485925135,7.808249827539664,-19.20149273007415,-0.09115799636189881
DICOT,-2.360825152041353,16.257793385071167,71.30576208575849,0.22651085534729565
ELIC,-3.1809456368007383,0.3611115439465762,74.37714832244257,0.15602957733404166
ELN,2.2790463922070385,18.16868048721831,-17.932131119721,-0.31499906012581014
ERMA,-0.5052500131973507,1.852584822047288,-12.90467093345748,-0.4232679402288273
ENZY,-6.942931891421221,-5.2294332845873415,16.8575508667882,-0.2137643711237862
EXPRS2,1.4492741712883976,6.132663117513455,-1.8717139148344732,-0.669570305409338
FLUI,13.794957770861291,-5.335365547391356,-36.48785318538397,-0.7450703697121253
FLUO,1.0196802650419432,2.1362127396731148,0.4879826669960162,-0.04230570981714099
GABA,-0.4078832031071887,18.409400574374203,-78.03254391529092,-0.7739738656936265
GENO,1.7132579366616834,3.0669144981412746,9.030038102868534,-0.2005483734052459
GUARD,-0.6588937263920365,10.637582581615275,-8.371446052514381,-0.24990095880209473
ICO,-2.2988529371638786,18.15969745970773,-47.28434415330114,-0.6864027097006904
IDLDX,1.753045529896365,0.0,0.0,-0.37999965832268867
INIT,-2.495650279270763,-9.615485901839111,-37.26541964788932,-0.24471760801868347
INTEG-B,26.772538212953503,48.551607227850376,12.589033466025636,-0.07643369055459692
IVACC,8.57783138049684,4.212514380794483,-29.22565996411169,-0.6821608661764313
IZAFE-B,0.4016082282335207,10.103916409328155,12.145129406101526,-0.10429324802870221
KLAR,-7.530649104807139,9.773050459242292,-33.853426585576955,-0.47928402960742056
KONT,0.661629574738101,1.5501297190682883,-14.725653262235925,-0.24087924394121085
LIDDS,3.0219805172949252,35.95617646813653,-35.683864016807796,-0.7589476070764835
LPGO,3.028305388260838,30.561094483160556,-19.815829041165788,-0.5366162375854686
LIPUM,2.2487720923716457,-2.2866166013339355,-2.095834041261415,-0.003412209987497139
LARK,-0.25575626913332,0.0,0.0,-0.5662208179764715
MAGLE,-10.147169381224408,-2.888521261252158,-14.517701918034083,0.02727979039345252
MAGNA,-29.45325952757981,-69.66941266243822,-82.89074473131477,-0.9871998680301117
MEDHLP,22.74368448556614,29.20981547023689,26.332538090394884,0.19543030898437252
MODTX,19.82197861791011,7.611258591178194,-1.0047591264010902,-0.13455578726918171
NANEXA,-5.585100072976581,3.4776939917929246,24.49314593942005,-0.010718137945676554
NANECH,-1.0427565277224236,6.895245147844066,-37.90086439390586,-0.4802241657378219
NEOLA,-2.1367501773620328,-1.349075853500376,-2.8724689806386285,-0.010801752626415473
NEWBRY,-2.6189555470360384,0.0886067522353044,-17.317378654172348,-0.23067543188791406
NXTCL,5.355579384621552,7.706856020934836,-46.59279724399346,-0.4299349195808284
ONCOZ,-1.9489363080403603,7.780236508529184,2.993177944094724,0.2683787598839673
ORTI-A,-12.876550050808294,12.836577463753136,1.8205763504837764,-0.27831151605197946
ORTI-B,-7.212319462772235,-6.500984589429066,-15.023594238407112,-0.41765627626887236
ORT-B,-8.89740536603343,57.292086035804346,43.28341033225359,0.5292966519982849
OSSD,3.542586448828311,9.037719169553306,23.37450731696022,0.5608559829781028
PAX,-1.4563152956146412,4.557913829853461,11.676681247093995,0.23406086678393878
PERP-B,-1.7947192866677748,9.008177579071544,-9.79957132694742,-0.6947487791453748
PILA,-3.4503182776831043,6.701528401030011,-15.787067735974022,-0.14061292348894494
PILA-BTU,0.0,0.0,0.0,
PRO,12.052474054298328,0.307033455723168,-26.127238831548567,0.19504967796824246
PLUN,3.2141237967826752,-56.46690174034708,-84.66310461698674,-0.8541382741048376
PROGEN,4.117145018824255,-11.331252262021648,-79.85623045714259,-0.8446115631071374
QLIFE,0.7890071278114551,22.33015636925824,22.567887787435534,-0.9079247655866077
QUIA,3.6585374510359943,-28.57142842656131,-60.43212727834775,-0.9137696242428378
S2M,-6.713781979255809,-14.13834929715538,26.511343128915193,-0.6883562999563337
SDOS,0.3690042159530693,-0.0442608014814776,-9.513558247698258,-0.16304659052686088
CMOTEC-B,6.215767749027026,5.386005116035267,22.32216778727395,-0.3856372556355867
HEART,-0.222553484910244,-3.514422359178435,-10.21392871162805,-0.5652218094704311
SCIB,-0.0801461920558344,-1.6862783722970929,-5.3959025902292295,-0.5460055694751711
SENZA,-2.5679796594379676,-0.5072314751553955,-12.958875297625957,-0.2621881182613891
SPAGO,4.9779900310474074,11.119472832251589,19.471761563413313,-0.3127144772897479
STABL,-0.3757093628125532,-3.9576298965385495,-12.95184512442897,-0.5410154583731133
STIL,-0.0884173297966351,4.278074866310161,-0.5319148936170327,0.26281172370769057
SUS,0.9066573167809272,2.209392615781686,2.7222114291829245,-0.005749611552889888
TOL,-0.2169175941411221,-1.7560316606600697,-6.011016286840236,-0.2631423561534
XINT,0.7712059613225613,-7.539456307090744,5.8175503826993085,-0.03186190887266527
XPC,-3.8259069027744217,-5.1218682538494,61.871628406049936,-0.42309131997063054
ABSO,10.318791946308725,7.814761215629523,-10.998036110144072,-0.12107782393386912
ACUVI,1.100559502650404,2.180767536730474,10.353806092698813,-0.1544241264934073
AXOLOT,-1.516642956493716,8.136314728643308,24.621309845977013,-0.05366521760813092
BAWAT,5.263161513582234,-4.699738728029312,-21.758998538300176,-0.4545392427328244
BOMILL,-1.2710633288077269,-0.2476859987109698,-29.408336113756494,-0.11936554507777597
CALVIK,1.137415361918252,0.0,0.0,1.5502975604818454
CARE,4.275287171823418,-3.80500248695099,-1.505022469315882,0.35336614202997363
CI,-20.930232558139537,-33.508245493761564,-67.66048338830714,-0.8529929882360433
DLAB,-3.846150172297549,-0.605287544970246,3.2894936720930197,-0.11688930016477406
ESGR-B,-3.707805506003538,-0.6269250582525526,-19.51311228650116,-0.07659217994748502
FERRO,10.882959271389694,0.6231605601766528,-60.21020673432332,-0.6992781799119943
FIRE,0.0514162348854369,4.725291632212034,2.004691246390354,0.3539956301655238
FLEXQ,8.572896324885896,19.76268712758284,-16.417335267761025,-0.49136539474463004
FREEM,11.556687398189156,17.08212353858471,42.88572344667792,-0.3776716819822492
GPX,7.781538219175352,7.502857260103814,-7.479493881833839,0.00300684693882336
GOTL-A,1.669195751138088,3.0117577546662018,12.926225742389668,0.08425133945554575
GOTL-B,1.82370820668693,3.12961755483458,13.702305621355352,0.10435391619651524
GGEO,2.231393544953228,2.7762623160387525,7.827640076664928,0.14212279404101613
HEGR,2.8938885594378254,-32.90763017152262,-54.24922044164398,-0.4110495985666629
HELIO,5.345913349561234,-4.418394683855147,-23.448816584976974,-0.4236006034532406
HILB-B,-12.46580831605347,36.75716119916633,50.3551569094344,0.6065876956421912
IDUN-B,6.788079470198682,2.2054261379660427,11.295372835768765,0.15396934941656593
LXB,-6.096506413466736,-3.1291994702834036,-11.378998349059788,-0.36613222161238146
LYGRD,2.051281292606235,6.708986325252867,26.619204239637995,-0.10756561633481343
MANTEX,-1.6731128575606736e-06,3.317018426738874,-24.9389251804241,-0.6860048605067036
NEPA,0.5697260277247439,10.074830204134148,-2.380606891951326,-0.300249970704182
NJOB,13.895215998847885,11.080185364849504,28.8342043256692,0.12504882060751665
LEVEL,-8.401397255976386,21.862779564641077,-16.07181474098783,-0.33480871854994176
NOTEK,-2.8194308689034924,7.88945635895222,30.696452799662747,0.14467896374755873
OGUN-B,7.279694694986147,-4.3070511312429405,-6.984420100059142,-0.03314968678933372
OPTI,0.3861033056131029,-7.885377048936622,-12.977233748608445,-0.5543119099691456
OXE,21.752928265781073,47.49926952930358,-1.761728798967947,-0.33516406104795315
PCOM-B,1.8455227533457343,-4.404076891636674,-13.018272650154383,-0.31117207183387685
RLOS-B,-1.1039536675724084,1.139802193771485,14.48201506808946,-0.5285638554559677
RO,-1.8932887067920827,34.52811001384491,28.912668742479617,0.522389538623951
SAXG,0.0253877349445924,-8.846873610367494,-4.608011595857189,-0.6880462782096244
SES,3.725153809131863,-3.422237122044834,-45.42094774163625,-0.2542041987191265
SERT,-2.6698247929619905,-11.721710471602316,-28.160999215010268,-0.16493449274604788
SIBEK,4.224700116584698,10.552249890300516,-8.033317042816165,0.8058728099260402
SILEON,-17.456022515282854,-10.241461934215138,-40.682997000111115,-0.7238192219191992
SEYE,-0.0302933882409416,-1.7091480468998312,14.081609310062277,0.062408048693235685
SUMMAS,-4.950496837469018,0.0,0.0,-0.9996664547350506
TEQ,-2.4694470008710083,7.258474157055346,-9.45987709067542,0.022263942489711974
TERNOR,-0.1115493524232105,0.0,0.0,-0.07299573728791364
TRAIN-B,4.264020455155331,1.3917682931237372,-5.443243510598947,-0.0463498803081821
VSSAB-B,0.5154639175257684,-0.8264462809917346,13.948137483530882,0.0057624975262822176
VIMAB,3.611918266289493,0.6688251755156002,-16.503509516830754,-0.07711241746715747
W5,2.9411791607331863,-2.292747208105479,13.915650387167169,0.07594776911847756
WPAY,-6.080677144366646,47.55263213474425,33.53578660015765,-0.050942741796130675
AXIC-A,-2.0655276309683153,1.8055249870396215,64.34242563846699,-0.4475082179941683
CINIS,6.901053925374708,-18.976401911478774,-85.23153095068572,-0.7434099292508003
CLEM,2.689487510340604,0.8084384533534695,20.98267565282223,0.0239556334805735
ITECH,1.5070921985815628,10.868668006336213,36.07684977745121,0.6140581929975186
IMPC,15.300408251366054,18.890624376532607,-11.968227827522847,-0.2093941319787198
LCLEAN,-1.822238033302055,-16.949781443575322,-87.29302450367652,-0.6845879536488003
ORGC,3.6484250357222545,-8.714740228243928,-18.76530815276149,-0.17503155464601683
PCAT,0.0,0.2014632230079273,-5.9720853665041185,-0.13407527358807492
POLYG,-12.550891858117266,-9.410180910892516,6.779113720018233,-0.18480640362040046
AERO,4.972374235105285,13.401416514079,-67.86266085616455,-0.5694611520868933
TRIBO-B,8.079377840725229,3.128198186349208,-19.128751228523093,-0.13420525944028083
CIRCHE,0.6679348882039275,-1.6516514383248737,-25.344169991593684,-0.08457045775325711
DE,-1.0774740627204686,-10.288750347703116,5.416877333366393,0.29353734162294276
GIGA,-3.774984956775915,4.139365904720868,-10.634266835255834,-0.41342035958430823
MASHUP,-2.8452477861879357,-16.973957069819722,-22.407009945400624,-0.08497713538898288
ARCT,-0.2876338475753195,-6.698394216263992,24.72455466746108,-0.05076936197908766
BIOEX,-3.1018394723183618,12.933224526322022,5.9791534864177445,-0.42460928855458324
BOTX,1.7021268617518526,4.342420038664046,-8.240135167805338,0.18070868026782105
DMXSE-SDB,-3.401732459255178,33.280329969495185,0.0,1.823691914148439
FNMC-SDB,-0.8714588651074708,-5.633223864261936,0.0,-0.5743810356575068
LEMSE,0.5356421577445051,-4.38105664277435,12.430124152561,-0.1588260767204559
LUC,2.8831910899134527,-1.209923351288655,-41.5519459405061,-0.3075008766285603
NIO,6.299217870665272,5.986424424370682,-23.13958612329238,-0.07090133394497011
ADVBOX,-26.39594156104611,-66.65538190766645,-80.05511175652913,-0.8317845025056043
BBROOM,4.627763163406411,9.703337965599092,1.2821222217432895,-0.36794118713798185
CANDLE-B,13.47517730496454,29.524159833985262,31.27683152639676,-0.14184200599301877
CDON,3.908793545701219,10.40782570972775,-18.786144076939845,-0.4423237505915586
CEDER,4.421953650187747,1.393689515581038,15.053919679749727,0.2731884891068863
CLEMO,-3.146962557259372,-8.406559850034308,43.07716972619041,-0.29476874795905206
DSNO,-2.8806569422873407,-5.86503528441309,-42.20336510568225,-0.635782887807486
ALBERT,-0.2541263341272793,-1.6618764085032662,-0.4694838249137256,-0.542226961747428
ELLWEE,6.694561573805753,-0.5823625687179529,45.64694947101446,-0.5856471245399774
EMB,4.462472854799186,1.7082022109326978,7.532749407106156,-0.3583451272770165
ENVAR,-2.3464475575442885,18.78509521086892,0.0,0.7046044979074482
FRAG,-2.926150986568772,48.70838547110856,21.03600299825302,1.4153981310047188
FSPORT,3.5337868730763633,0.4108551805546381,25.611873055232387,-0.5095415367279204
GCOR,-7.944512871611659,32.63309434870467,32.42230129198478,-0.1277179578237706
GBK,0.4830901849622623,-8.858755786769326,-6.22045067778032,-0.8911447590226136
HOTEL,-11.188004960522663,1.4628441244014794,-58.79519987003477,-0.8012566017476775
KAKEL,1.2035004605130553,-0.7277056118168762,-6.891844715086959,-0.24148762186136952
KAMBI,5.611784800264351,4.056628521218422,10.156611593401225,-0.08085643440989065
BRAVE,1.999183054028556,12.422942345666415,-11.739772943905558,-0.6188728437014064
KJELL,-6.725577178020306,-5.096905991355103,-5.140057966163429,-0.41491957085472453
MOBA,0.4709586596932408,-0.7478956822467934,-15.133884650616602,-0.3393318022342644
MAV,-1.0526337047362808,-11.644344831426324,-59.0212668905993,-0.883147502630645
MAXENT-B,4.646624230689016,-3.27088538939727,-48.520319107426296,-0.8419498737824431
NANOC-B,-9.561618759619964,-0.678826609293462,-8.856408984939627,-0.3330508953455059
BOAT,-1.5614387297850525,-3.530028637198946,-6.73568800614708,-0.33580620817797713
NITRO,0.191103425082531,0.0109213883559794,-25.285653145160364,-0.5638866525979609
NREST,2.4290658807646803,6.922864673365835,30.807364385750436,0.5744541667882177
NBZ,-5.475883345007212,-17.215326267388736,-7.854496560222614,-0.44488576048500283
OBAB,0.2210788547190834,4.424778461016298,-4.417605819834177,-0.18412030674337154
QIIWI,3.7433189647464897,39.32868909488656,-11.962742802750082,-0.25138471476180424
REALFI,4.05443871477501,-12.511782451659794,-31.338059331838775,-0.10906843324613014
REFINE,-11.342097287611391,22.518538042589988,-38.21981085507435,-0.8573248526462636
SBOK,3.2621454061617614,2.721645316153363,15.504526532202975,0.16117373689245396
SCOUT,1.8306656248129332,15.349082262469876,22.88106415874976,-0.15036563192475438
SKOLON,-0.9546518873095228,0.8727064268827266,2.351654453211253,0.260252557409441
SOZAP,-19.295193807252417,-12.800182504768848,18.24023523938909,-0.6460309666508597
STORY-B,-7.467183280819742,-1.870935326742876,15.38142934572975,0.1449008300018737
BUY,-1.9607866053304328,-6.163753042696075,-11.13057679473223,-0.2234358526557323
SODER,-3.839950713963552,0.1292407109832005,10.019318731952604,-0.056334105288530445
TELLUS,-2.842598847057524,-6.973990937530841,-16.221242235338977,-0.10921079187908855
TOURN,0.1267385632485362,-11.771284249906904,-16.090390049835975,-0.41676054081849423
UTG,3.041925760387353,4.832797091881897,14.212457361899428,0.2868484610486446
USWE,0.5788678856344908,26.82389665264359,17.351856765700326,-0.28911107182482043
ACCON,-1.6201452278629538,-12.615563062339625,6.064879469898602,-0.5390881771202648
PADEL,11.344532724781592,-6.972199519888103,-26.3001541707302,-0.7718763703590151
ADTR,1.2228242824089883,-0.5472611190780354,-7.588403003363112,-0.10008426340597099
AVT-B,5.136820445239087,9.7054859898365,34.98412372580389,0.5821044271831577
BUSER,-4.138215871447111,13.332385932560232,-1.5151342628229212,-0.4698748842409337
BEAMMW-B,6.398539613926278,2.827280001453933,81.30014154861323,-0.02085760408252546
BIM,0.0629341020504488,-7.702136983142509,14.16729525174824,0.20995349442635303
BINERO,-3.7037051572539808,1.6396173898332946,-4.3182457894581585,-0.15725410813485274
BRILL,1.5358428774340067,-1.6984697824459425,0.9023864900498706,-0.14674489181633843
CHARGE,6.321200689365712,38.8906142854161,10.228088918523309,-0.28221909183200655
CHECK,-0.0502277642811984,-10.561068513828278,-26.30546654191553,-0.35677801032439527
CLAV,17.58649186316569,-2.2839322502704653,55.89610103123911,0.4916062128168104
CDMIL,2.0465406749282757,-0.4934658297822801,8.453100572312563,0.4900257098060632
COMPDM,-2.967119367267464,0.0641960100296345,-3.87596872537764,-0.18261777184469363
CFISH,1.8164492739199865,26.6343823616359,97.33581193710054,-0.2797544135590526
DIAH,-4.5383420806212635,-4.726405789917606,-12.186755095967465,-0.21463845683210236
DIVIO-B,-4.428043343045917,-11.071732940209465,-11.672465921774736,-0.3828572711987407
DONE,0.0513070912291488,4.098418775280088,36.149803350938,1.2826391001090731
ENERS,2.803739029528568,-4.888890298980241,-47.82427222633581,-0.6165354836377899
EXS,-1.772525849335307,4.145834935774182,1.1449829754467804,-0.07647840457573196
FLEXM,-7.331003580523464,13.713460653500592,-16.351588747933786,-0.2954148530404763
FLOWS,2.386934649849178,3.302835588546301,1.8791211279559568,-0.22315231769954014
FRAM-B,-0.1386950168798888,-13.769731553968317,-32.67124734036471,-0.5048376984853331
GENI,-0.5584562877405771,-3.066392295168982,7.252746205097073,0.06509109339932251
GREAT,-20.472437941183248,-34.05338090972702,-33.60111674648978,-0.5193459671631054
HDW-B,-25.62887571429962,-43.818613638926905,16.062710114524656,-0.8507792739228108
HIFA-B,2.4305539147223296,-2.5820268381415272,1.7408010902732844,0.16824702597860375
INSP,2.40202194626419,-0.433008790430602,-14.11645134083382,-0.5641461575434199
IRIS,-23.323611983772725,-5.753695914595077,-48.926182462782194,-0.7606538102267264
JLT,-1.6480585994079655,-14.57765706016504,-10.331065883764296,-0.38384369708804733
K33,-12.544407465754569,-5.471736384738101,59.86618612307814,0.22278673853552822
KENH,-3.1141888208812007,5.24399200936916,17.838904727737553,-0.04942767846274099
KLIMAT,4.158420373897745,1.0727727125138644,8.140164229021817,-0.1391273807310005
LITI,-0.8324296265323031,18.69576434109247,25.204388899188142,-0.0036224089755586553
LOYAL,7.14286085970013,-11.117382399576746,-55.64941279549841,-0.272019015735391
MODEL,-9.533749549020552,19.016066447186457,0.0,0.22389868304606142
NEO-B,-11.130474953383224,-30.06428400588955,-13.174705599858832,-0.6553846347328833
NOSA,-1.7199022105721151,11.933395182460115,0.8243003470119202,-0.022628476481891924
OBSE,5.7289224637967,13.385910731166692,19.652034522363387,1.0081828219841729
OODA,-2.696790763605914,-1.8457576894023424,2.7232353991699414,-0.2565895092235697
OPTER,2.4498886414253898,6.874226411501475,-4.275273000285094,0.34953826599604976
QLOSR-B,-0.1584783363963471,-15.995473401551145,-40.39231296991963,-0.7921641756302231
QCORE,47.12004913308952,-20.05104305847653,-73.58850015625579,-0.6478968126545992
RPLAN,-2.823019044939808,49.005011363874665,-5.362679708925382,-0.23378667225511207
RIGHTB,-1.1857742429566969,-6.122448062762225,-3.913004127854476,-0.7899956635578926
SFTR,-2.416357223282586,-6.9847852243821675,-8.852381513659784,0.14338617664026532
SONE,-7.597534667652963,31.91039763341011,41.67466051055908,0.2163860354081717
SPEONE,-3.4653468237612173,-4.536862413129873,-7.84139417129824,-0.3442256919027167
SPOTR,1.043023138581791,-24.63582893668837,-35.497722213213635,-0.8372492643970467
TENEO,5.6270100037292154,-0.1573079264144846,11.94005707614638,-0.5209581519848434
UNIBAP,-0.2840906397000802,5.068354013404108,38.048684511937466,-0.4030656604905153
UPSALE,10.442869355221784,14.5487565172772,1.8267263292225384,-0.1366140487661247
VERT-B,-0.3568506366120358,15.724269275258449,6.577287823421026,0.3084904338714918
VO2,10.848123350003547,12.812069386548064,8.1155204064728,-0.3269752615587552
VUXEN,-3.814259924975876,3.439403538402106,0.0,0.21269697273418853
WPTG-B,2.9900370281778295,16.673625340381655,7.945090942484638,0.26125797414429086
XMR,5.744128350062909,9.147905398062704,-17.785913311489452,-0.7619923275175218
ZAPLOX,3.075442137358978,1.442917493089464,-18.947430931309448,-0.4676660521893161
ALCA,-8.496732786617125,5.357390255451308,-14.625853621589687,-0.32433786873635784
BAHN-B,-0.3831389625098849,4.375645407444931,12.742236567469458,0.2568507713368495
BRE2,5.8766369257023605,21.95940713392671,18.83095815082263,0.27015090965309696
EFFH,-0.9105508151080351,-8.291579651828814,11.82795655551362,-0.2781706995557245
GAPW-B,21.701293685862723,6.771378501760812,-7.744105029802893,-0.22803983248401205
INCOAX,-1.0911657355320266,-4.951489220926829,-10.885185889591336,-0.11962776925982233
KEBNI-B,-4.29687367213775,22.242384365031025,44.33103356448898,0.29041227557352944
LUMEN,-1.4639638228659408,-12.166172232597988,-27.24525048503883,-0.023760001215613613
MAVEN,6.612100529104395,16.13887644576777,-17.01548009730552,-0.08525844896105428
TALK,4.166666666666664,19.225037709694405,43.73780114527147,0.2735839550426151
TESSIN,-5.357716722404791,-5.588367917584399,-30.54226018003248,-0.49310109021906723
WAYS,-1.4187883750683823,17.302725492714995,51.02434411178795,0.12368703816030502
WYLD,1.369592016991473e-06,-41.02781591906314,-38.56831148043664,-0.8991503802152312
