Date,Open,High,Low,Close,Volume,Dividends,Stock Splits,SMA_20,SMA_50,SMA_DIFF,RSI
2023-06-12,144.09268844498516,145.08986967989856,142.29775917898544,142.4971923828125,161278,0.0,0.0,,,,
2023-06-13,142.99578383512466,144.19241349662954,141.8988935997828,142.29776000976562,247478,0.0,0.0,,,,0.0
2023-06-14,141.69945796250863,145.58845864830985,141.40030055226748,142.8960723876953,159564,0.0,0.0,,,,76.36409668588217
2023-06-15,142.7963524970783,143.19523412805438,135.71637472476,140.00424194335938,660768,0.0,0.0,,,,15.350086584582172
2023-06-16,138.80764003354022,140.2037030445266,134.9186388784792,137.01271057128906,374817,0.0,0.0,,,,8.12124786140761
2023-06-19,136.31466616671898,136.31466616671898,132.72482299804688,132.72482299804688,316881,0.0,0.0,,,,4.702709901638485
2023-06-20,132.7248320673327,133.02397427332974,130.0324304871309,130.53102111816406,195068,0.0,0.0,,,,3.81735252978487
2023-06-21,130.13214921016817,130.13214921016817,123.84990448100449,124.4482192993164,493392,0.0,0.0,,,,2.4436344704014346
2023-06-22,123.94962472925657,126.24313689725088,122.85271933598897,123.55075073242188,541827,0.0,0.0,,,,2.3114673680042017
2023-06-26,122.85272650809813,123.75019115139777,120.95808822633005,123.65047454833984,241211,0.0,0.0,,,,2.9396606050688376
2023-06-27,123.65047184821829,123.65047184821829,120.06062096129942,122.453857421875,286682,0.0,0.0,,,,2.7141224051185873
2023-06-28,123.15188739013671,125.54512397030834,122.15470611572265,124.64765930175781,232140,0.0,0.0,,,,15.512175776714287
2023-06-29,124.64765765118445,125.34568149087538,123.15188575937023,125.0465316772461,203487,0.0,0.0,,,,17.633780566959274
2023-06-30,125.64484015381494,126.24314739487428,124.34850145827858,124.74737548828125,254998,0.0,0.0,,,,17.283235290577508
2023-07-03,124.94681282205723,128.13778975729332,124.74737200867428,127.43976593017578,174898,0.0,0.0,,,,30.645964175209855
2023-07-04,127.43976211787012,130.92989636483023,127.04088811092547,130.23187255859375,207261,0.0,0.0,,,,41.24621434681437
2023-07-05,129.53383026839435,131.42848365555085,128.63637328527318,131.02960205078125,199010,0.0,0.0,,,,43.88515994831869
2023-07-06,131.02961011149137,132.02679136109413,126.741735302933,127.24032592773438,160066,0.0,0.0,,,,35.68587128449728
2023-07-07,127.24032776545582,129.1349736886431,126.44258731898542,128.63638305664062,210487,0.0,0.0,,,,40.124409097066845
2023-07-10,128.13779159257237,129.43413027051673,127.34004354339288,128.8358154296875,119452,0.0,0.0,130.49612274169922,,,40.75344263778767
2023-07-11,129.73327961573492,129.73327961573492,128.33721681262358,128.93553161621094,75501,0.0,0.0,129.81803970336915,,,41.086709367253384
2023-07-12,128.93553297907206,132.72482460503105,128.73609978102743,132.32594299316406,218947,0.0,0.0,129.31944885253907,,,51.14855543637261
2023-07-13,132.1265122776069,134.12087472708023,131.52819745645374,131.72764587402344,180308,0.0,0.0,128.76102752685546,,,49.54059698773819
2023-07-14,131.72765559055176,132.0267978074158,130.43131685961765,131.22906494140625,98313,0.0,0.0,128.3222686767578,,,48.181272464109064
2023-07-17,130.43130575812162,130.92989636483023,128.83580973034304,130.23187255859375,136783,0.0,0.0,127.98322677612305,,,45.49264240512984
2023-07-18,130.23188527949858,131.2290665903193,129.23470396867785,130.83018493652344,134453,0.0,0.0,127.88849487304688,,,47.38960204035105
2023-07-19,130.83017916242733,132.6251084858426,130.13215531881548,132.2262420654297,139720,0.0,0.0,127.97325592041015,,,51.62042539190096
2023-07-20,132.32595043303905,134.2206039604321,130.53102111816406,130.53102111816406,191317,0.0,0.0,128.27739601135255,,,46.70844609167384
2023-07-21,119.26287259679788,125.94399134709244,116.9693603515625,116.9693603515625,2341255,0.0,0.0,127.94832649230958,,,25.66684756434792
2023-07-24,115.7727391205071,117.36822756471169,114.07753407501892,116.7699203491211,1127418,0.0,0.0,127.60429878234864,,,25.48502305718901
2023-07-25,116.67020756150865,125.54512230785083,115.07471906515134,125.0465316772461,758738,0.0,0.0,127.73393249511719,,,43.40329141605199
2023-07-26,124.14906679861384,127.53948460224218,123.84990937763015,126.94117736816406,367227,0.0,0.0,127.8486083984375,,,46.57061730430613
2023-07-27,126.64202843651266,130.83018696369814,126.243154384426,128.5366668701172,203813,0.0,0.0,128.02311515808105,,,49.15128556557714
2023-07-28,128.53665532998093,129.3344033625317,126.14342644810677,127.63919830322266,80429,0.0,0.0,128.16770629882814,,,47.75404193144586
2023-07-31,127.63920179263566,129.83299753029087,126.54230392380805,128.63638305664062,101989,0.0,0.0,128.22753715515137,,,49.472757159803635
2023-08-01,130.6307389576495,131.22905377201093,128.23751013175942,130.23187255859375,621968,0.0,0.0,128.22753715515137,,,52.18316744472752
2023-08-02,129.7332837442929,129.7332837442929,127.3400396695597,127.9383544921875,115275,0.0,0.0,128.07297477722167,,,48.181996334610844
2023-08-03,127.24032676276119,128.1377914148712,125.84427148257774,127.0408935546875,170925,0.0,0.0,128.06300315856933,,,46.67390078254459
2023-08-04,127.53947479804924,129.6335537602916,126.54229361527776,129.3343963623047,81555,0.0,0.0,128.09790382385253,,,50.90317532941981
2023-08-07,129.03524304514127,129.23469146062513,127.43976223171519,128.33721923828125,57832,0.0,0.0,128.07297401428224,,,49.080567012185455
2023-08-08,127.34004626910881,127.53948708961732,126.24314838392482,126.34286499023438,86070,0.0,0.0,127.9433406829834,,,45.56650912951621
2023-08-09,126.64202380109299,128.63638638063776,126.64202380109299,127.83863830566406,129326,0.0,0.0,127.7189754486084,,,48.54227062527046
2023-08-10,128.5366524379873,129.53383365229527,127.83862863112726,128.33721923828125,44628,0.0,0.0,127.5494541168213,,,49.53263974438997
2023-08-11,128.63638638063776,129.13497702552397,127.34004766077787,127.83863830566406,101521,0.0,0.0,127.37993278503419,,,48.52683626647915
2023-08-14,126.64202241705246,129.33440882685767,126.14343177761525,126.34286499023438,130265,0.0,0.0,127.18548240661622,,,45.53923787714634
2023-08-15,126.34286917813908,126.34286917813908,124.84709721024687,125.34568786621094,94061,0.0,0.0,126.91125755310058,,,43.611565924892275
2023-08-16,125.34568065417044,126.5423027243677,124.64765681913894,125.24596405029297,74399,0.0,0.0,126.56224365234375,,,43.41364809671224
2023-08-17,125.24596263029798,127.73892334630565,125.24596263029798,127.43976593017578,353668,0.0,0.0,126.40768089294434,,,48.906890565884595
2023-08-18,127.24033313462195,128.13779783167465,126.14343521950849,127.34004974365234,262741,0.0,0.0,126.92621536254883,,,48.6755875922227
2023-08-21,127.53948111470807,131.1293320289025,127.53948111470807,129.63356018066406,164924,0.0,0.0,127.56939735412598,128.86174377441407,-1.0028937855679425,54.05759879351257
2023-08-22,130.73046300931009,133.02396762481064,130.5310145942424,132.1265106201172,194701,0.0,0.0,127.92339630126953,128.65433013916015,-0.5681377666029556,59.08043716995239
2023-08-23,132.12651618441245,133.62228806574544,131.72764976903503,132.62510681152344,142807,0.0,0.0,128.2075927734375,128.4608770751953,-0.19716843565494735,60.021845953842096
2023-08-24,132.72483291889847,134.12088060843692,130.23187974773793,130.3315887451172,130258,0.0,0.0,128.2973388671875,128.20958740234374,0.06844376198511841,53.88109396136403
2023-08-25,129.13496698343528,132.525377018697,129.13496698343528,132.1265106201172,85712,0.0,0.0,128.52170448303224,128.0520327758789,0.36678192213892785,57.542087139280454
2023-08-28,132.42568132065142,134.818910383933,132.42568132065142,134.4200439453125,137497,0.0,0.0,128.8108875274658,128.00017944335937,0.6333648027932485,61.7232680690201
2023-08-29,134.51974609021744,138.50847113622274,134.42003709353443,137.91017150878906,215913,0.0,0.0,129.19480247497557,128.10388641357423,0.851587014213917,67.04214759146842
2023-08-30,137.9101696613111,141.30057981868543,137.9101696613111,140.2036895751953,246703,0.0,0.0,129.80806922912598,128.29733978271486,1.1775220351175633,69.99303675287517
2023-08-31,141.0014184096054,141.99859962951993,138.807622768949,139.30621337890625,171789,0.0,0.0,130.4213352203369,128.59449966430665,1.4206171809829957,67.44814418227155
2023-09-01,138.60819814870828,141.50001777916836,138.5084739342322,140.90171813964844,183204,0.0,0.0,130.9997013092041,128.94151901245118,1.5962137816556858,69.56662521911092
2023-09-04,141.59973723628397,142.4971942733012,139.60537473999827,140.2036895751953,421432,0.0,0.0,131.5930248260498,129.27258331298827,1.794998949965584,67.49699369199206
2023-09-05,140.20369372885713,141.50001721722492,138.40876438586793,139.20651245117188,418646,0.0,0.0,132.23620719909667,129.60763641357423,2.0280986971591304,64.54289934435465
2023-09-06,139.20651493684838,139.40594815279076,137.41158556180886,138.6082000732422,171443,0.0,0.0,132.7746852874756,129.8868472290039,2.223349107381235,62.767821705549345
2023-09-07,139.60538474065854,141.50002316154144,137.31186466247755,137.81045532226562,258965,0.0,0.0,133.24834709167482,130.1421257019043,2.386791650295807,60.383273075259716
2023-09-08,137.71074922983615,137.91018245480987,135.1180716578388,135.3175048828125,163215,0.0,0.0,133.62229042053224,130.35352828979492,2.507613083913141,53.53835125538522
2023-09-11,135.41721590272314,138.5084686279297,135.41721590272314,138.5084686279297,178747,0.0,0.0,134.230570602417,130.57490234375,2.799671447613356,59.81726158211428
2023-09-12,138.5084873243442,138.70793577257774,136.81328202482123,137.71075439453125,93501,0.0,0.0,134.848823928833,130.72447998046874,3.1549897532432176,57.71732577616214
2023-09-13,138.3090448312666,140.7022891078042,137.11243030088744,139.904541015625,126871,0.0,0.0,135.5817527770996,130.90197875976563,3.575021601409414,61.69946182710906
2023-09-14,140.20368063344387,142.49718518527723,139.90452323492468,142.39747619628906,165179,0.0,0.0,136.32963829040528,131.2051217651367,3.9057290266775553,65.65755607170449
2023-09-15,143.69382188259294,147.1839562010314,143.09550705597795,144.391845703125,196386,0.0,0.0,137.1822280883789,131.5202310180664,4.305038872334967,68.46525122391115
2023-09-18,144.39183686769346,145.38901804051486,143.9929552690986,144.6909942626953,136269,0.0,0.0,137.93509979248046,131.83733459472657,4.625218809602508,68.87628373645776
2023-09-19,144.69099522564386,145.3890190081089,140.10395571382688,140.7022705078125,400066,0.0,0.0,138.36388778686523,132.0726693725586,4.763452154177316,58.01757678101852
2023-09-20,141.59973159344662,141.59973159344662,136.61382555142387,139.70509338378906,523247,0.0,0.0,138.7178871154785,132.2202523803711,4.914250743082086,55.65526251461913
2023-09-21,139.3062294885386,141.59974960272456,138.20933914925288,139.10679626464844,171936,0.0,0.0,139.1566474914551,132.3678353881836,5.128747541547782,54.228553531919154
2023-09-22,136.6138500886805,136.91300754808915,132.82455777299165,135.61666870117188,416857,0.0,0.0,139.3311553955078,132.45558746337892,5.190847788153771,46.70681122615803
2023-09-25,134.5197509839832,136.9129952281186,134.5197509839832,136.71356201171875,159245,0.0,0.0,139.44583129882812,132.5852212524414,5.174490777764856,49.09652365994263
2023-09-26,136.51411357953984,137.6110190934076,135.61665649785098,136.71356201171875,84623,0.0,0.0,139.3860008239746,132.7028887939453,5.036146605976686,49.09652365994263
2023-09-27,136.41439355969288,136.51410255194878,133.72200731633785,133.82171630859375,83288,0.0,0.0,139.06690216064453,132.7347982788086,4.770492714755471,43.176763433462234
2023-09-28,133.9214474903512,136.314676450006,133.82172327712448,135.8160858154297,104085,0.0,0.0,138.89239578247071,132.8404995727539,4.555761404978989,47.84708864270594
2023-09-29,135.61664932139598,137.61101181141652,135.51692511058366,136.61383056640625,126526,0.0,0.0,138.6780014038086,133.2333889770508,4.0865225065284685,49.63042179591338
2023-10-02,137.5112968840696,139.40595050696518,134.4200439453125,134.4200439453125,119649,0.0,0.0,138.38881912231446,133.5863914489746,3.5949976799651866,45.066646240210325
2023-10-03,134.32031147658512,134.61946889506316,129.03524780273438,129.03524780273438,358824,0.0,0.0,137.88025588989257,133.66616577148437,3.1526976883683497,36.25423715959707
2023-10-04,128.63637957240863,132.7248287304011,128.33722215815436,131.32876586914062,333049,0.0,0.0,137.5162841796875,133.7539175415039,2.8129020123960964,41.50115521477533
2023-10-05,132.22623565576765,132.5253778486871,130.8301728204394,131.9270782470703,144473,0.0,0.0,137.22211532592775,133.82172576904296,2.5409846849183313,42.823310515984666
2023-10-06,132.32594978775168,136.2149658203125,131.72765016289665,136.2149658203125,103131,0.0,0.0,137.26698837280273,133.99324111938478,2.4432181997158504,51.31560496826813
2023-10-09,136.0155292273473,137.01271057128906,135.21779632481767,137.01271057128906,111120,0.0,0.0,137.19220046997071,134.16076766967774,2.259552366125975,52.72251287918375
2023-10-10,138.60819676371787,141.00142572944182,138.40876355253732,139.40594482421875,201312,0.0,0.0,137.27695999145507,134.34424911499025,2.182982074621302,56.759629018934504
2023-10-11,140.1039681881889,144.2921264716552,139.10678691994556,143.1952362060547,351788,0.0,0.0,137.44149475097657,134.6493867492676,2.0736136042774587,62.255405904879964
2023-10-12,145.08986235140713,146.48590992346024,142.29775199152354,142.39747619628906,314069,0.0,0.0,137.44149475097657,134.95651840209962,1.8413162834217682,60.51168149752434
2023-10-13,142.0983359991868,142.39749343391986,139.70510695288058,140.10397338867188,214899,0.0,0.0,137.22710113525392,135.17190994262694,1.5204277231114762,55.682933085093474
2023-10-16,141.10114661221255,141.99860364922978,139.50565052887265,140.2036895751953,112086,0.0,0.0,137.00273590087892,135.40923934936524,1.176800459976257,55.847900354871136
2023-10-17,139.00707157771154,139.00707157771154,136.71356668701205,137.41159057617188,214735,0.0,0.0,136.83820190429688,135.630613861084,0.8903506434393446,50.21175699829603
2023-10-18,137.41158529851313,137.51129429840373,133.82172655531264,135.01834106445312,266021,0.0,0.0,136.60386428833007,135.77420791625977,0.6110559470779627,45.93278171761352
2023-10-19,134.0211439841076,134.91861617208122,131.12932465967285,131.42848205566406,366620,0.0,0.0,136.21994857788087,135.83603317260742,0.28263149056010256,40.3747805857732
2023-10-20,130.13215458783657,130.4313120093551,125.0465316772461,125.0465316772461,544972,0.0,0.0,135.69144172668456,135.78019104003906,-0.06536248967887175,32.78070539776306
2023-10-23,125.14623911187198,126.74172749132208,123.15187673558717,123.55075073242188,240196,0.0,0.0,135.03330116271974,135.7243487548828,-0.5091552094393176,31.29497965713638
2023-10-24,125.04652864080295,132.2262381119034,124.94681203868122,131.32876586914062,1894669,0.0,0.0,134.76406135559083,135.8440103149414,-0.7949919594149417,45.20293076430671
2023-10-25,130.13214600760816,132.7248232021167,127.73891722481373,128.93553161621094,1324048,0.0,0.0,134.51975212097167,135.91780166625978,-1.0285992917402775,42.36143841768611
2023-10-26,128.93553405317715,128.93553405317715,125.44539980309924,128.33721923828125,1209598,0.0,0.0,134.14580879211425,135.93575073242187,-1.316755842862092,41.65643781650023
2023-10-27,128.33721198580474,132.2262276313,127.6391882183908,130.13214111328125,219658,0.0,0.0,133.821724319458,135.99159255981445,-1.59558999164014,44.63337119578601
2023-10-30,130.03243188797583,132.22624286077848,130.03243188797583,132.02679443359375,147684,0.0,0.0,133.70206184387206,136.03945724487303,-1.7181746004717064,47.668705566381014
2023-10-31,132.72482135780993,133.62227833494265,131.52819176726322,133.12368774414062,113965,0.0,0.0,133.90648384094237,136.05940078735352,-1.5823360487791174,49.39829462237223
2023-11-01,133.1236861088035,134.71918206608126,132.22622914269544,133.52255249023438,488715,0.0,0.0,134.01617317199708,136.07734970092773,-1.5147094894636917,50.04485284906455
2023-11-02,134.12087505381052,137.5112851398633,134.12087505381052,137.21214294433594,159286,0.0,0.0,134.28042640686036,136.2149607849121,-1.420206977929865,55.68546084019685
2023-11-03,137.61101824575496,138.10960889157292,135.71637987795833,136.91299438476562,111744,0.0,0.0,134.315327835083,136.31069046020508,-1.4638342879677626,55.14180991686369
2023-11-06,136.61383340018136,140.10396783011302,136.51410918730045,139.60537719726562,145339,0.0,0.0,134.44496116638183,136.41439712524414,-1.4437156197334045,59.01963904098756
2023-11-07,139.0070698626011,139.90454217968727,137.41158888074693,137.81045532226562,98267,0.0,0.0,134.36518669128418,136.41240280151368,-1.5007551133076165,55.57069480687564
2023-11-08,137.61101466587613,140.30340104009625,136.51410918730045,139.60537719726562,153981,0.0,0.0,134.18569374084473,136.40043655395507,-1.6237065430756714,58.20119405623873
2023-11-09,139.60537370293608,142.39748422015043,138.209326052218,142.29776000976562,203787,0.0,0.0,134.18070793151855,136.46026748657226,-1.670493248357452,61.84991088540261
2023-11-10,140.50283930401156,141.30058738841834,137.4115863986316,138.4087677001953,255766,0.0,0.0,134.09594764709473,136.4104084777832,-1.6966893190305274,54.45550879771261
2023-11-13,138.60820680790783,139.50566393114352,136.21497766875947,137.01271057128906,171766,0.0,0.0,133.9363986968994,136.3465888977051,-1.767693801723157,52.049848801240415
2023-11-14,137.01270119598064,141.59974115054936,136.01551992027254,141.1011505126953,212745,0.0,0.0,134.1208766937256,136.38448165893556,-1.6597232600631866,57.9135737521851
2023-11-15,141.10115554600415,143.39467560510212,139.4059503599854,139.904541015625,385654,0.0,0.0,134.36518669128418,136.4104084777832,-1.4993150517778218,55.76416830395587
2023-11-16,139.4059484725644,139.80481490536408,136.61383779562928,136.71356201171875,152702,0.0,0.0,134.62944068908692,136.38847061157227,-1.289720395424761,50.393048984107764
2023-11-17,138.30903850870672,140.30340104009625,137.21214824590965,139.60537719726562,175036,0.0,0.0,135.35738296508788,136.47422805786132,-0.8183560432376535,54.65555434967379
2023-11-20,139.60537012072578,139.80480332059983,137.31185028272972,137.6110076904297,151746,0.0,0.0,136.06039581298828,136.45627883911132,-0.29011711992367184,51.37679751913401
2023-11-21,137.1124326612067,138.70792887303074,135.7163848876953,135.7163848876953,171944,0.0,0.0,136.279776763916,136.41639144897462,-0.1001453590785805,48.40598152423286
2023-11-22,135.81608127307135,137.01269571287807,132.42567115765593,133.22341918945312,440117,0.0,0.0,136.49417114257812,136.28276901245118,0.15512021927557654,44.740057282274634
2023-11-23,133.1236996938585,134.51974738710808,132.12651842274343,133.92144775390625,156798,0.0,0.0,136.77338256835938,136.1132484436035,0.4849888841124731,45.97381624869931
2023-11-24,133.32312818356644,133.9214430113589,131.8273563298635,133.22341918945312,177369,0.0,0.0,136.92794647216797,135.88987991333008,0.763902771494074,44.89438107982896
2023-11-27,132.72481897857972,132.72481897857972,130.03241766389104,131.8273468017578,199056,0.0,0.0,136.91797409057617,135.63260696411132,0.9476829762661417,42.73329619023257
2023-11-28,131.72764651535005,134.51974178558385,131.02960748201355,133.4228515625,183841,0.0,0.0,136.93293228149415,135.48701858520508,1.0671972203593527,45.93632087188365
2023-11-29,132.92426622119856,136.21496745255791,132.2262423759475,135.8160858154297,154845,0.0,0.0,137.0476089477539,135.40923843383788,1.2099399811014648,50.416232151453514
2023-11-30,135.8161019355175,136.81328332302613,133.82173916050027,135.61666870117188,219792,0.0,0.0,136.96783523559571,135.33943588256835,1.2031964980556704,50.04411581414516
2023-12-01,135.61666066853897,138.30904721218494,134.71920355925016,135.7163848876953,144029,0.0,0.0,136.9080047607422,135.34143020629884,1.1574981526761199,50.24188570898547
2023-12-04,135.61664237412532,135.71636657982904,132.12650819537944,132.72482299804688,177222,0.0,0.0,136.56397705078126,135.26165542602538,0.9628165651633004,44.54439516655178
2023-12-05,132.52538675814867,132.52538675814867,129.53384290161458,131.6279296875,442814,0.0,0.0,136.25485076904297,135.159942779541,0.8100831999373241,42.6352557954289
2023-12-06,131.42848828722333,134.6194651589465,131.42848828722333,133.62228393554688,204693,0.0,0.0,135.95569610595703,135.15595413208007,0.5917179002675833,47.076604438110444
2023-12-07,132.226240396146,133.52256385401185,129.1349724217465,132.62510681152344,502823,0.0,0.0,135.47206344604493,135.09213455200197,0.2812368723781718,45.19255877618461
2023-12-08,132.62511204617215,135.41722271135262,132.32595461494228,135.01834106445312,205609,0.0,0.0,135.30254211425782,135.0602247619629,0.17941429663840044,50.330334213131806
2023-12-11,134.61946338545616,136.11523520085012,133.6222821751935,135.91580200195312,171330,0.0,0.0,135.24769668579103,135.0901399230957,0.1166308383313658,52.14210885544365
2023-12-12,132.724831023257,133.82172127343415,127.0408933094582,132.62510681152344,1044708,0.0,0.0,134.82389450073242,135.1619371032715,-0.250101922023204,45.57734977524413
2023-12-13,131.72763781485116,133.8217091292149,130.43129925884867,131.8273468017578,211886,0.0,0.0,134.42003479003907,135.17190872192384,-0.5562353443062874,44.126899311004365
2023-12-14,133.52256750503992,136.31467813636434,133.42285850635832,135.41722106933594,289837,0.0,0.0,134.35521774291993,135.24171157836915,-0.6554884769670447,51.59240154532736
2023-12-15,136.6138429265723,140.30341082376904,136.6138429265723,139.10679626464844,322891,0.0,0.0,134.33028869628907,135.29954818725585,-0.7163804343421112,57.82905234924103
2023-12-18,139.10677951315176,140.70227554369976,137.21214129068161,137.6110076904297,183524,0.0,0.0,134.33028869628907,135.31151412963868,-0.7251603380991797,54.74943967371769
2023-12-19,139.60538273604314,143.3946747391773,139.30622530131006,140.10397338867188,542596,0.0,0.0,134.5496681213379,135.32547470092774,-0.5732893834692913,58.69727893768532
2023-12-20,140.1039597808398,141.3005741877697,139.40593597811215,139.70509338378906,179222,0.0,0.0,134.87375183105468,135.25567184448244,-0.28236894484313585,57.82795037835183
2023-12-21,139.1067801780789,139.8048039888635,138.40875636729433,139.30621337890625,128004,0.0,0.0,135.1429901123047,135.19384658813476,-0.03761744865874463,56.920095807945586
2023-12-22,139.30621977440148,139.90453462012977,138.50847171868998,139.60537719726562,101308,0.0,0.0,135.46208801269532,135.18387466430664,0.20580365008736765,57.45952237369977
2023-12-27,139.4059537083735,140.5028440476592,138.80763882092336,139.10679626464844,165698,0.0,0.0,135.82606048583983,135.1619367980957,0.49135407754344496,56.19659355270599
2023-12-28,140.30338812982077,140.30338812982077,138.10959259031418,139.00704956054688,108020,0.0,0.0,136.1052703857422,135.1938459777832,0.6741611656707749,55.93172970430289
2023-12-29,139.00707375017,139.60538864496036,138.3090498501012,138.7079315185547,98990,0.0,0.0,136.24986267089844,135.26763778686524,0.7261344251319342,55.093160100399736
2024-01-02,139.1067800529704,141.79916630116264,139.0070558447575,141.20086669921875,239058,0.0,0.0,136.5290725708008,135.46308547973632,0.7869207225638828,60.419352182160374
2024-01-03,141.59973803570688,142.39748608188063,138.60819427438912,140.00424194335938,204938,0.0,0.0,136.74346542358398,135.7622396850586,0.7227530576997184,56.928997614272475
2024-01-04,140.0042425788936,142.99578635379115,140.0042425788936,141.699462890625,215897,0.0,0.0,137.19219741821288,136.12521392822265,0.7838250234470481,60.417578906262484
2024-01-05,141.59974057876215,141.59974057876215,138.7079209771975,139.40594482421875,90251,0.0,0.0,137.58109817504882,136.2867575073242,0.9497185870425102,54.04021137814836
2024-01-08,140.00424805533657,143.49438259590474,140.00424805533657,142.19805908203125,252689,0.0,0.0,138.00988693237304,136.55200805664063,1.0676363507797622,59.62725555276289
2024-01-09,142.59693313518582,142.59693313518582,140.2037039800681,140.40313720703125,156354,0.0,0.0,138.39878845214844,136.79332641601562,1.1736406140532705,54.99862063261916
2024-01-10,140.1039814507561,140.20370567333202,135.915822770829,136.41441345214844,283993,0.0,0.0,138.4685920715332,136.91897186279297,1.1317790278860091,46.38210543693037
2024-01-11,137.4115841866217,138.50847447121686,136.8132693290033,137.1124267578125,253045,0.0,0.0,138.52842330932617,137.02068450927734,1.1003731337707203,47.91978916795864
2024-01-12,137.11241373551323,140.40311470832103,137.11241373551323,140.3033905029297,150945,0.0,0.0,138.91233749389647,137.16427856445313,1.2744272399041106,54.36319319786488
2024-01-15,140.40313333097004,140.702290771046,139.20651878644568,139.5056610107422,229395,0.0,0.0,139.2962532043457,137.28394073486328,1.4658032532507257,52.61078266396246
2024-01-16,139.20651829913984,139.20651829913984,136.4144075611708,137.81045532226562,198377,0.0,0.0,139.4159149169922,137.29590698242188,1.5441159035001217,48.99630409438126
2024-01-17,136.2149721614188,137.11242924836918,135.41722407536338,136.5141143798828,120144,0.0,0.0,139.2862808227539,137.28792938232422,1.455591507148887,46.37260569015776
2024-01-18,136.51410159864406,137.71073122358143,135.91580200195312,135.91580200195312,163348,0.0,0.0,139.20152053833007,137.21413787841797,1.4483803860452562,45.17034828062266
2024-01-19,135.91580478670662,136.71355281441717,131.42848924858495,131.5281982421875,144829,0.0,0.0,138.77273178100586,137.08849273681642,1.228577986791973,37.49360147155521
2024-01-22,131.82736624734417,132.32595690275454,129.23470396867785,130.83018493652344,161011,0.0,0.0,138.32898635864257,136.91298889160157,1.0342316521641974,36.43279240743924
2024-01-23,131.2290567178492,133.22341918945312,131.2290567178492,133.22341918945312,181124,0.0,0.0,138.02484664916992,136.73150207519532,0.945900947729895,42.44544304744514
2024-01-24,133.62228077229454,135.31748576878752,132.22623317889503,132.52537536621094,117379,0.0,0.0,137.67084655761718,136.61383422851563,0.7737227602685361,41.220740044681584
2024-01-25,131.229055085699,135.31748897217062,130.92989767552353,133.62228393554688,1157040,0.0,0.0,137.3966209411621,136.54602569580078,0.6229366552610528,43.957217204801246
2024-01-26,133.3231310449552,136.71355644891426,132.32594978775168,136.2149658203125,124208,0.0,0.0,137.25701675415038,136.44830200195312,0.5926894950922036,49.89485283526898
2024-01-29,135.61665933201877,135.61665933201877,132.22624893503004,134.22061157226562,185602,0.0,0.0,137.03265075683595,136.33462341308595,0.5119956517831987,45.86905981753866
2024-01-30,133.82171731650362,133.82171731650362,131.62792166523857,131.72764587402344,101475,0.0,0.0,136.55898971557616,136.23490509033203,0.23788663047053762,41.37506031634676
2024-01-31,132.12650979511943,132.62510039811988,131.12932858911853,132.32594299316406,127367,0.0,0.0,136.1750747680664,136.08931640625,0.06301623380956621,42.82290039645176
2024-02-01,126.3428645922675,130.03243226932537,123.45104497895211,126.44258880615234,740517,0.0,0.0,135.41223106384277,135.86594802856445,-0.33394457647790393,33.945056765736666
2024-02-02,126.14343071828733,129.8329983759827,125.94399750734301,128.43695068359375,214180,0.0,0.0,134.86378135681153,135.72035934448243,-0.6311344825552337,38.592523762811794
2024-02-05,128.03806844657123,128.83581650239287,126.74173736572266,126.74173736572266,141971,0.0,0.0,134.0909652709961,135.59072570800782,-1.1060936721007284,36.257385753609206
2024-02-06,127.53948334577086,128.13779057395467,126.44258549278567,127.24032592773438,109484,0.0,0.0,133.43282470703124,135.45710327148439,-1.4944056203505718,37.45604936675765
2024-02-07,126.6420215983407,127.24032884021956,125.84427353724266,126.54230499267578,95903,0.0,0.0,132.93921928405763,135.32348098754883,-1.761897998848095,36.423386423785274
2024-02-08,126.741735302933,128.2375147852263,126.741735302933,127.24032592773438,112607,0.0,0.0,132.44561424255372,135.23174057006835,-2.0602606427823402,38.25659501263833
2024-02-09,126.94118026597778,127.2403300859012,125.3456841281618,126.24314880371094,136830,0.0,0.0,131.74260215759278,135.08814651489257,-2.476563964796839,36.63157531511225
2024-02-12,126.14343054463544,126.9411786030932,125.84427312074145,126.64202117919922,106671,0.0,0.0,131.09942016601562,134.90466522216798,-2.820691967832013,37.7702423863442
2024-02-13,126.34286298492343,126.6420204069933,123.15188598632812,123.15188598632812,324375,0.0,0.0,130.36649169921876,134.6553695678711,-3.185077492576783,32.30093945876433
2024-02-14,123.15188454799964,123.45104196657556,121.65611267089844,121.65611267089844,396640,0.0,0.0,129.62359161376952,134.37416412353517,-3.535331766155783,30.277411696806055
2024-02-15,121.55639707457904,123.45104298951786,120.45949921052684,123.25160217285156,255448,0.0,0.0,128.99038162231446,134.18469970703126,-3.8710211343451824,34.95800312266125
2024-02-16,123.75019095549989,125.94399425874724,123.75019095549989,125.54512023925781,186606,0.0,0.0,128.69122772216798,134.0630435180664,-4.006932600463084,41.0811463482697
2024-02-19,124.94681588788767,125.74455633732636,123.55076059150834,124.84709167480469,92319,0.0,0.0,128.39207305908204,133.88753967285157,-4.104539247787713,39.851498041261905
2024-02-20,124.04934568118743,124.94681030359841,123.35131426025045,124.34849548339844,272629,0.0,0.0,127.9483268737793,133.72200744628907,-4.317674168052584,38.95457076646993
2024-02-21,124.24878012729992,124.84708734560435,123.35131549589876,124.04934692382812,204333,0.0,0.0,127.52452545166015,133.50262756347655,-4.477890975571988,38.39619899325918
2024-02-22,124.84708858058671,126.04371063692155,123.05216690791814,123.75019073486328,154658,0.0,0.0,127.03092079162597,133.25931533813477,-4.67389054994373,37.81249041780446
2024-02-23,124.04934528973811,125.54511711974004,123.6504712801598,124.4482192993164,109207,0.0,0.0,126.44258346557618,133.09577758789064,-4.99880179739059,40.100667893768325
2024-02-26,124.24878552553218,125.64484083415623,122.65329700477156,122.75301361083984,126903,0.0,0.0,125.86920356750488,132.91429092407228,-5.300473942709383,36.580450531264724
2024-02-27,122.95244444344735,129.63355540987786,122.95244444344735,128.93553161621094,268674,0.0,0.0,125.72959785461425,132.78465713500975,-5.313158487295874,52.84030166641227
2024-02-28,128.9355432597751,131.9270871163092,128.9355432597751,131.6279296875,236667,0.0,0.0,125.69469718933105,132.6350798034668,-5.232690042799926,57.902178767164685
2024-02-29,131.4284869715388,131.4284869715388,128.63637653081517,130.23187255859375,421380,0.0,0.0,125.88416137695313,132.48749710083007,-4.984119911972861,54.62798510316455
2024-03-01,130.23186768747647,131.92707264372365,129.53382869157127,131.42848205566406,356012,0.0,0.0,126.03373794555664,132.31398727416993,-4.746474245084829,56.87877267914148
2024-03-04,131.32877336635582,131.72765501339197,128.73611113162633,129.53384399414062,282674,0.0,0.0,126.17334327697753,132.11056228637696,-4.4941289376463915,52.44278165954487
2024-03-05,128.63638204294463,129.4341300910178,126.24314550661433,127.0408935546875,271014,0.0,0.0,126.16337165832519,131.86525588989258,-4.32402318039595,47.223933399720075
2024-03-06,127.43976528193583,129.73328517289426,125.74455261230469,125.74455261230469,218623,0.0,0.0,126.12348403930665,131.58803939819336,-4.1527751183757955,44.731124194419515
2024-03-07,123.65047278771034,130.5310172032959,123.25159877326895,129.63356018066406,211856,0.0,0.0,126.24314575195312,131.39857467651368,-3.9235044499170204,52.783513812258356
2024-03-08,129.43412454470445,131.22905377201093,128.53665232316231,130.23187255859375,135788,0.0,0.0,126.44258193969726,131.2230711364746,-3.6430249310394016,53.89640530017973
2024-03-11,129.9327079248454,130.63073169225933,128.5366451742406,130.13214111328125,153608,0.0,0.0,126.61708793640136,131.05155532836915,-3.3837579270666183,53.66932779142821
2024-03-12,130.43130087954486,132.22623003971486,130.43130087954486,131.42848205566406,151829,0.0,0.0,127.03091773986816,130.85610763549803,-2.923203176946856,56.24961476705936
2024-03-13,131.6279136121675,132.12650419403178,130.43129925884867,131.8273468017578,322968,0.0,0.0,127.53947944641114,130.69256973266602,-2.4126010321050253,57.04235512900907
2024-03-14,131.82734843980083,132.62509642385163,130.43130087954486,131.42848205566406,175157,0.0,0.0,127.94832344055176,130.48715011596678,-1.945652635649344,55.95056725487734
2024-03-15,131.32876096961456,133.7220049785849,131.2290519791018,132.52537536621094,240115,0.0,0.0,128.2973361968994,130.34953872680663,-1.5743841903486389,58.31354278682018
2024-03-18,132.62510353567117,134.32030858282116,132.62510353567117,133.4228515625,233497,0.0,0.0,128.72612419128419,130.174034576416,-1.1122881685608768,60.195022423286574
2024-03-19,132.32595273383632,137.8104497705617,132.32595273383632,137.31185913085938,474825,0.0,0.0,129.37429237365723,130.11220901489258,-0.5671386619459338,67.12024374054263
2024-03-20,136.11523972997765,139.4059408764954,135.81608231378908,138.5084686279297,286093,0.0,0.0,130.0972484588623,130.1540901184082,-0.04367258800255103,68.91242315986081
2024-03-21,139.70595592165313,144.59565828821468,139.70595592165313,143.29840087890625,789478,1.096789,0.0,131.07465896606445,130.27780960083007,0.6116539475724363,74.8272845497839
2024-03-22,142.89922740656465,144.89502671455224,142.30049675021257,144.69544982910156,210487,0.0,0.0,132.0870204925537,130.3656507873535,1.3204166088259115,76.24682047201375
2024-03-25,143.6975703741799,148.0883233782495,143.6975703741799,147.09042358398438,270519,0.0,0.0,133.30389099121095,130.51734603881835,2.134999704609249,78.48657160289655
2024-03-26,146.19231629452463,147.4895890407801,144.99483961595885,147.19021606445312,126640,0.0,0.0,134.21662521362305,130.7049412536621,2.6867262448370193,78.57721489848264
2024-03-27,147.0904172664678,148.68706295941325,146.59146739076508,147.6891632080078,87735,0.0,0.0,135.01968688964843,130.92844223022462,3.1247944218489683,79.05244164661937
2024-03-28,147.88874458056202,149.28581341077927,146.89084479901067,147.98854064941406,48953,0.0,0.0,135.90752029418945,131.16989700317382,3.6118220714170453,79.34846535241513
2024-04-02,147.9885414883137,152.47909053075026,147.6891685068028,148.3876953125,203950,0.0,0.0,136.75548095703124,131.50708694458007,3.9909590687404997,79.75916870261577
2024-04-03,148.28790545358612,151.28160463318684,148.1881093902362,149.48538208007812,110426,0.0,0.0,137.75305786132813,131.88019088745116,4.45318355573884,80.88499707448494
2024-04-04,149.4853793029937,152.57885926173338,149.086210283751,151.68075561523438,226323,0.0,0.0,138.98505096435548,132.2493376159668,5.093192502746771,82.92999205435699
2024-04-05,151.18181479894295,152.37929147477428,150.58306884765625,150.58306884765625,110063,0.0,0.0,140.22697677612305,132.6104914855957,5.743501291038244,78.41288878977088
2024-04-08,149.68495995107324,150.7826557480777,147.090414554558,148.1881103515625,243477,0.0,0.0,141.15470428466796,132.90180801391602,6.209769749624309,69.51601355017267
2024-04-09,147.689164779511,151.48118692054953,147.689164779511,150.1839141845703,193683,0.0,0.0,142.1523063659668,133.18118698120117,6.736026001954719,72.33318781645004
2024-04-10,150.6828588066494,151.08201260683137,147.68915962506034,147.78895568847656,223266,0.0,0.0,143.03514709472657,133.4525538635254,7.180524428929824,64.6161940495688
2024-04-11,148.48748691000085,148.88664072216608,146.2921104896084,148.08831787109375,78884,0.0,0.0,143.86813888549804,133.7797673034668,7.54102939882286,65.11715749760413
2024-04-12,148.98642961961596,149.48537947418484,146.29210345029225,146.59146118164062,96229,0.0,0.0,144.6063446044922,134.06507766723632,7.862798515971778,60.504441456082915
2024-04-15,145.99273233687225,148.18810867936645,145.09461345125553,145.693359375,144659,0.0,0.0,145.319588470459,134.4500930786133,8.084408975076188,57.856295376408774
2024-04-16,144.39608136883356,145.1944041621523,143.29840085141845,144.9948272705078,119253,0.0,0.0,145.94306106567382,134.78125061035155,8.281426685667666,55.81025511938369
2024-04-17,145.59355252679435,145.7931446377513,143.59775323114678,144.29629516601562,90320,0.0,0.0,146.48673324584962,135.13234176635743,8.402423380720975,53.762728586745006
2024-04-18,144.29629516601562,144.69544893444905,142.69964963880147,144.29629516601562,133316,0.0,0.0,146.83595504760743,135.47346115112305,8.387247066648218,53.762728586745006
2024-04-19,144.1965157663383,148.48748779296875,143.39819291051884,148.48748779296875,295100,0.0,0.0,147.33490600585938,135.9123648071289,8.404342912390657,63.1661045213915
2024-04-22,148.48749138191775,149.38559509970813,146.39189573808375,148.3876953125,135486,0.0,0.0,147.58937072753906,136.3353121948242,8.25469084387522,62.83841563848519
2024-04-23,148.38767641596417,148.68704935935122,144.39607777544467,145.0946044921875,143311,0.0,0.0,147.60932846069335,136.71234130859375,7.970741374037614,53.056825736583825
2024-04-24,146.49167225163848,146.59145308099366,143.89712706055846,144.69544982910156,113858,0.0,0.0,147.4895797729492,137.0734098815918,7.598971894224575,52.00022328243943
2024-04-25,146.7910568160491,154.77425468010634,141.60196602301866,148.1881103515625,912077,0.0,0.0,147.5394744873047,137.5741343688965,7.243614625760067,59.58455865289734
2024-04-26,145.69336893238653,150.8824447805203,145.69336893238653,148.3876953125,208757,0.0,0.0,147.57440109252929,138.1087660217285,6.853753996550482,59.973764342985774
2024-04-29,148.68706209809994,148.7868581633591,145.99273583026124,147.29000854492188,202231,0.0,0.0,147.5394744873047,138.58953414916994,6.457876053253446,56.7375467983359
2024-04-30,147.2900084157968,148.98643493652344,146.59146641307842,148.98643493652344,126747,0.0,0.0,147.56941146850585,139.05836044311525,6.120488547592379,60.30270336082786
2024-05-02,146.79105231638033,150.5830590041758,146.6912562554421,149.5851593017578,133365,0.0,0.0,147.57440032958985,139.5531217956543,5.7478316720717935,61.508324556449146
2024-05-03,149.6849598420563,151.38138634158463,148.98643307480833,149.88453674316406,101911,0.0,0.0,147.48458938598634,140.0638426208496,5.2981173629689415,62.127692231137175
2024-05-06,149.7847550433865,150.28370490665327,147.98853249027778,149.48538208007812,121865,0.0,0.0,147.42970504760743,140.5725633239746,4.8780085967624505,60.7247042623175
2024-05-07,149.48538910934437,151.68076556560337,148.3876932678438,150.98223876953125,414941,0.0,0.0,147.56941146850585,141.11720428466796,4.5722328588810495,64.00722691685141
2024-05-08,151.18181294112148,153.37718935762436,150.98223603539245,151.48118591308594,79801,0.0,0.0,147.63427505493163,141.65786361694336,4.218905527298557,65.055621082981
2024-05-10,151.68075022977942,154.07570335323757,151.68075022977942,152.67864990234375,90890,0.0,0.0,147.878759765625,142.25637634277345,3.9522892171133037,67.5021823158064
2024-05-13,152.87823661355236,153.87613635022925,152.17970984322685,153.6765594482422,105442,0.0,0.0,148.1581718444824,142.75119689941405,3.787691495769553,69.42341989013374
2024-05-14,153.97592776109803,159.9633260002069,153.67655480379435,158.4664764404297,400910,0.0,0.0,148.75192260742188,143.28796783447265,3.8132683822142166,76.58037513804118
2024-05-15,158.66604614257812,165.65134377149667,158.4664692556714,158.66604614257812,735051,0.0,0.0,149.4005569458008,143.85665130615234,3.8537708123415393,76.82378224810833
2024-05-16,158.86561851763852,159.96331420456121,157.46856512222786,158.36666870117188,130932,0.0,0.0,150.06914901733398,144.3954150390625,3.929303417796612,75.55517643658692
2024-05-17,158.26691014805849,159.86354064941406,156.37089144259966,159.86354064941406,414115,0.0,0.0,150.8475112915039,145.00200897216797,4.0313250559569385,77.5512368860473
2024-05-20,160.5620574951172,161.26059947458393,159.264800051516,160.5620574951172,477305,0.0,0.0,151.660799407959,145.67243225097656,4.110844491609214,78.43612919722848
2024-05-21,160.56206021578402,162.35828277232972,159.16500668666038,160.0631103515625,558791,0.0,0.0,152.23958053588868,146.3588034057617,4.018054939833885,76.12776967297239
2024-05-22,159.66395487341003,159.86353177165353,156.770051782026,157.568359375,228712,0.0,0.0,152.69861373901367,146.91749938964844,3.9349392505196374,65.7141122489523
2024-05-23,156.96962876443826,157.26900172533468,155.17340622580096,155.87193298339844,185987,0.0,0.0,153.23748016357422,147.43030059814453,3.938932188206349,59.73068295869201
2024-05-24,154.57465409874095,155.57255377717502,154.1755003180636,154.7742462158203,121563,0.0,0.0,153.74141998291014,147.9231427001953,3.9333110265964817,56.16698628493829
2024-05-27,154.37508077954783,154.87403063030703,153.37718107802942,154.67445373535156,67641,0.0,0.0,154.06573715209962,148.38806213378905,3.826234359197631,55.84080503389797
2024-05-28,156.7700437500076,158.26689325025563,155.57255196841675,157.3687744140625,505457,0.0,0.0,154.51479110717773,148.89889068603514,3.771620053895596,62.22012692743498
2024-05-29,156.27110029480863,156.27110029480863,152.6786552568912,153.37718200683594,227041,0.0,0.0,154.81914978027345,149.3378646850586,3.6703920380637745,50.565698764389566
2024-05-30,151.28159820157856,155.57255466185342,151.28159820157856,155.17340087890625,189415,0.0,0.0,155.12849807739258,149.7908251953125,3.563417769493081,54.67958002806723
2024-05-31,155.07360392209367,155.57255376125966,152.47907389447494,153.0778045654297,206114,0.0,0.0,155.30313034057616,150.1839242553711,3.4086245319441932,49.503593545961934
2024-06-03,154.87403163547003,155.17340459321673,150.88243280349016,151.68075561523438,246745,0.0,0.0,155.3929412841797,150.4713021850586,3.27081578191447,46.35339319695994
2024-06-04,150.88242561437016,151.1817985578526,146.4916731990957,146.79104614257812,339122,0.0,0.0,155.2582244873047,150.63695373535157,3.067820104801148,37.38599410938507
2024-06-05,149.98434385174775,150.68287067043434,146.89084836318085,147.8887481689453,253148,0.0,0.0,155.1035499572754,150.72876068115235,2.9024250291404923,40.18362952967589
2024-06-07,146.09250867194672,146.09250867194672,143.6975555042391,145.39398193359375,429265,0.0,0.0,154.79918975830077,150.7427313232422,2.690981116933716,36.222425345324574
2024-06-10,143.69756274274926,144.49588558111284,142.59986693665658,143.49798583984375,193716,0.0,0.0,154.34015655517578,150.6708825683594,2.435290697359288,33.518153092011005
2024-06-11,143.5977568043858,143.79734892030933,138.7080544990716,140.80364990234375,298686,0.0,0.0,153.69651107788087,150.5431512451172,2.094655124914523,30.08124668073151
2024-06-12,141.2028063907192,141.40238328373243,139.40658390011805,140.30470275878906,226307,0.0,0.0,152.78842239379884,150.3954620361328,1.5911120756363737,29.478437896760624
2024-06-13,140.4044774034587,144.49587205023232,139.4065777556349,144.29629516601562,415382,0.0,0.0,152.0699348449707,150.32161712646484,1.1630514306102815,39.86123927220393
2024-06-14,144.39608421657726,144.59566111215776,138.7080589454571,139.40658569335938,173046,0.0,0.0,151.12193069458007,150.14199493408202,0.6526726655845222,33.37821957709673
2024-06-17,139.40658481893072,139.90553466812284,137.3110045883684,139.00743103027344,189602,0.0,0.0,150.07912521362306,149.93243591308592,0.09783693544615478,32.90771152447286
2024-06-18,138.70806512598418,141.80156043891506,138.60826906037667,140.50428771972656,192468,0.0,0.0,149.07623672485352,149.7089065551758,-0.4225999941353512,36.521433232828166
2024-06-19,140.30470547078232,141.30260518187825,139.80575561523438,139.80575561523438,54825,0.0,0.0,148.0633689880371,149.49336029052733,-0.9565584048088644,35.55888809785482
2024-06-20,139.70596389905964,142.0011363513211,139.20701402799156,141.8015594482422,93728,0.0,0.0,147.27502899169923,149.36562927246095,-1.3996528458017692,40.39269134193549
2024-06-24,141.40238504157293,142.0011309547969,139.50638169426549,141.10301208496094,106369,0.0,0.0,146.53658294677734,149.18401123046874,-1.7746059124268254,39.282027763512595
2024-06-25,140.80365518490922,143.5977621917785,139.70595941310975,143.1986083984375,101301,0.0,0.0,145.9578010559082,149.09220428466796,-2.1023253655671486,44.23575424456092
2024-06-26,143.49798682927104,145.5935671643403,142.20071411132812,142.20071411132812,169937,0.0,0.0,145.33411407470703,148.97445220947264,-2.4435989398013978,42.45931899456743
2024-06-27,142.20070510726256,144.9948272705078,141.20280542229932,144.9948272705078,91965,0.0,0.0,144.7154167175293,148.94251953125,-2.8380766130613266,48.674493504048435
2024-06-28,145.6933567259276,147.19020628133097,143.89713421409536,144.49588012695312,125263,0.0,0.0,144.27135162353517,148.91856994628907,-3.120643936098787,47.68401204115136
2024-07-01,147.88873384886796,148.68705666152638,144.79525388658558,146.59146118164062,195410,0.0,0.0,143.84225463867188,148.95050262451173,-3.4294936209226488,52.093367969757196
2024-07-02,146.09251512317095,146.19231118737432,142.20071224710472,143.09881591796875,203675,0.0,0.0,143.34330520629882,148.92655303955078,-3.7489941983476935,45.24830101241628
2024-07-03,143.19860388919065,145.3939801369172,143.19860388919065,144.5956573486328,48865,0.0,0.0,142.98905029296876,148.93254028320314,-3.990726256956687,48.37890733382504
2024-07-04,144.69544632216937,146.89082246239911,144.59565026849256,146.49166870117188,83645,0.0,0.0,142.97408142089844,148.8926239013672,-3.975040754463054,52.113903141244855
2024-07-05,146.89082967218152,147.28999867974096,142.89923095703125,142.89923095703125,150945,0.0,0.0,142.72460556030273,148.78285461425781,-4.071873113109715,45.40973505596329
2024-07-08,143.19861016015383,144.39608678165007,142.300506500717,143.99693298339844,99517,0.0,0.0,142.65475311279297,148.76090118408203,-4.104672681253182,47.62680923954048
2024-07-09,143.9969330755641,144.69545983632221,142.20071052879942,142.30050659179688,413988,0.0,0.0,142.59487915039062,148.71300231933594,-4.11404724101238,44.61140096369245
2024-07-10,141.7017642372533,142.89924088968453,141.00323745889688,142.20071411132812,65638,0.0,0.0,142.66473236083985,148.59325439453124,-3.9897652540474846,44.43318379106309
2024-07-11,143.09880424105535,143.59775406787458,140.40447822157964,141.30259704589844,181208,0.0,0.0,142.71462707519532,148.4515524291992,-3.8645101786591223,42.77690712811532
2024-07-12,141.40238761453884,143.99693298339844,141.40238761453884,143.99693298339844,119384,0.0,0.0,142.69965896606445,148.38569091796876,-3.8319274026548085,48.92748817764308
2024-07-15,143.29840532807515,144.49588194209215,142.00113265174784,143.59776306152344,73968,0.0,0.0,142.90921783447266,148.27791748046874,-3.6207007336094104,48.102583121333524
2024-07-16,143.59776301365244,146.8908351211574,142.6996593601244,145.29420471191406,142242,0.0,0.0,143.2235565185547,148.19209838867187,-3.352771115424724,51.82033674898664
2024-07-17,145.59355432225243,146.69125003909147,143.5977550019927,145.0946044921875,95385,0.0,0.0,143.45307235717775,148.09629974365234,-3.13527575942937,51.35419546753126
2024-07-18,144.89502760550963,146.99062298247853,143.9969240020889,145.0946044921875,54941,0.0,0.0,143.7175148010254,148.00848419189452,-2.8991374476248515,51.35419546753126
2024-07-19,145.69335842832612,147.58936179662837,145.19440857069486,146.99063110351562,60434,0.0,0.0,143.97696838378906,147.92865203857423,-2.671344327368521,55.740296352973274
2024-07-22,146.99063715830653,150.08411726700118,146.99063715830653,149.78475952148438,110752,0.0,0.0,144.41105575561522,147.89472351074218,-2.3555051001355882,61.28076622867681
2024-07-23,149.68495907945305,150.08411287963503,146.29210609768202,147.78895568847656,148364,0.0,0.0,144.64057312011718,147.79692962646484,-2.135603570605217,55.89816935601385
2024-07-24,145.29420406820122,147.68915728482625,138.00953312975008,138.10931396484375,1337344,0.0,0.0,144.43600311279297,147.48558471679686,-2.0677150311738766,38.31873365980975
2024-07-25,137.51059423395674,138.4086979550867,134.11772580878744,136.113525390625,613683,0.0,0.0,143.99193801879883,147.0385256958008,-2.0719656039702516,35.81756307927874
2024-07-26,135.8141633298004,136.01374023630964,134.1177215576172,134.1177215576172,334434,0.0,0.0,143.47303009033203,146.54755920410156,-2.097973606975966,33.4651532500624
2024-07-29,134.31732067394574,135.91395123576933,134.21752460213185,135.6145782470703,150205,0.0,0.0,142.9241859436035,146.09251739501954,-2.1687157617040618,36.81685410520201
2024-07-30,135.81415153319827,135.81415153319827,133.31940235166812,134.01792907714844,187631,0.0,0.0,142.4701416015625,145.5756051635742,-2.1332307418693577,34.802917912148956
2024-07-31,134.2175050454288,136.01372748915438,133.51897832474123,133.61875915527344,247847,0.0,0.0,141.92129669189453,145.03673919677735,-2.1480367816708643,34.29779367614121
2024-08-01,133.41918774336722,134.51688351145773,130.6250655191977,130.9244384765625,327235,0.0,0.0,141.14293518066407,144.45396575927734,-2.292100851098042,31.024646389805397
2024-08-02,129.72696395062246,129.72696395062246,123.83935406403545,124.93704223632812,798249,0.0,0.0,140.2448257446289,143.8013394165039,-2.4732131747215274,25.256395584318085
2024-08-05,120.34670521606044,123.04103903942767,119.34880549185867,121.544189453125,484121,0.0,0.0,139.12218856811523,143.11478454589843,-2.789785828523348,22.682771500657168
2024-08-06,122.94124573743935,123.14083025478458,120.7458693402379,121.04524230957031,225346,0.0,0.0,138.0594253540039,142.44020446777344,-3.075521500504915,22.322531941889068
2024-08-07,122.34250509863973,122.64187806231097,121.24481692079637,121.74376678466797,138141,0.0,0.0,137.0365779876709,141.78159072875977,-3.3467058146966835,24.138991227746416
2024-08-08,121.0452368947064,122.64187489518955,119.54838734174649,122.04313659667969,145231,0.0,0.0,136.07360496520997,141.07507797241212,-3.5452562416305815,24.949015552163473
2024-08-09,122.94123885808064,124.33829994783915,122.74166196527389,123.14082336425781,128440,0.0,0.0,135.03079948425292,140.47035079956055,-3.8723839474633404,27.985388925264672
2024-08-12,123.73955895203525,124.338297230742,122.4422863370287,123.6397705078125,115362,0.0,0.0,134.03289985656738,139.83967819213868,-4.152454017802318,29.383891773927957
2024-08-13,123.83935807217513,125.0368423461914,122.44229689250828,125.0368423461914,423257,0.0,0.0,133.02003173828126,139.27885894775392,-4.4937381428580325,33.290325310672145
2024-08-14,125.4359952841258,125.53579134962716,124.03894172755707,124.63768005371094,135014,0.0,0.0,131.99718551635743,138.73799743652344,-4.858663123813735,32.73316507378004
2024-08-15,125.03683993773156,127.93074308077723,125.03683993773156,127.43179321289062,277726,0.0,0.0,131.1140449523926,138.35081237792969,-5.230737211552172,40.269148691323444
2024-08-16,126.93283977802436,128.13031638195324,126.83305132992538,127.53158569335938,102908,0.0,0.0,130.14109268188477,137.94366912841798,-5.656349795414996,40.52542520559551
2024-08-19,127.23220471795138,129.32780006282547,126.63346645371739,129.02842712402344,114159,0.0,0.0,129.10327606201173,137.61635803222657,-6.186097417446024,44.3802263726554
2024-08-20,129.4275934614941,130.22591630025394,128.5294897846028,129.5273895263672,170518,0.0,0.0,128.19019775390626,137.33694610595703,-6.660078450407616,45.64492613314388
2024-08-21,129.52738766899498,131.22381416032002,129.42759160555292,130.4254913330078,145702,0.0,0.0,127.80600662231446,137.12938293457032,-6.798963221984598,47.93953513226341
2024-08-22,129.82676160031073,129.9265424377551,128.03053903215454,129.1282196044922,174909,0.0,0.0,127.45674133300781,136.90585327148438,-6.9019050045573795,44.9854006504601
2024-08-23,129.02843780526754,131.3236102237621,129.02843780526754,130.4254913330078,155506,0.0,0.0,127.27212982177734,136.62843719482422,-6.847994140272075,48.409089729744245
2024-08-26,130.525282895685,133.71855886808206,129.5273832026396,131.8225555419922,214498,0.0,0.0,127.08252868652343,136.47675659179689,-6.883390358822542,51.88200346651851
2024-08-27,132.12191507928054,132.92023789000626,130.9244384765625,130.9244384765625,84128,0.0,0.0,126.92785415649413,136.31509674072265,-6.886429169385008,49.571766818778855
2024-08-28,130.82465497422248,131.52318170933555,129.4275862772555,129.72695922851562,165140,0.0,0.0,126.73326416015625,136.09955017089842,-6.881937522189492,46.59271872953051
2024-08-29,129.72696100807863,131.72276040820293,129.72696100807863,130.52528381347656,70613,0.0,0.0,126.71330642700195,135.91394073486327,-6.7694559205001905,48.801713722167264
2024-08-30,130.52527667154817,132.52107596246867,130.42548061630606,132.42127990722656,83759,0.0,0.0,127.08751831054687,135.72633514404296,-6.364878875074563,53.699731816917414
2024-09-02,131.9223336804381,133.21960630024554,131.32360301288585,132.32150268554688,99943,0.0,0.0,127.62638397216797,135.5507049560547,-5.846019750657709,53.4101525720635
2024-09-03,132.12191238511497,133.02003123889534,128.82885560147608,129.72695922851562,144990,0.0,0.0,128.06046981811522,135.28127197265624,-5.337621423311665,46.402803390143475
2024-09-04,127.7311635375494,127.93074043522857,125.53578720959602,126.23431396484375,254533,0.0,0.0,128.284997177124,134.96194396972658,-4.947281134376869,38.98743377748256
2024-09-05,125.93494502384532,127.7311676137622,125.83515657182124,126.3341064453125,87863,0.0,0.0,128.49954566955566,134.58872955322266,-4.524289592360746,39.28597590655244
2024-09-06,125.6355739438403,125.83515083879577,123.34040158499978,123.73956298828125,394869,0.0,0.0,128.52948265075685,134.17360321044922,-4.206580448495262,34.55217930677739
2024-09-09,123.93914260578565,125.0368383922652,123.1408273950568,123.24061584472656,250058,0.0,0.0,128.50952491760253,133.70658630371094,-3.886915020254437,33.710936923385106
2024-09-10,123.04103491785445,124.53788445401632,122.64187351887053,123.14082336425781,147602,0.0,0.0,128.41472396850585,133.30742645263672,-3.670239996621052,33.53507454720632
2024-09-11,122.94124245049368,123.83935372110821,122.44229259052679,123.0410385131836,126090,0.0,0.0,128.3348918914795,132.87633407592773,-3.4177961154867416,33.34773908853569
2024-09-12,124.43809553607906,126.23431812791152,123.9391456620557,124.63768005371094,125033,0.0,0.0,128.1951862335205,132.43925430297853,-3.204539388109931,39.20034548409715
2024-09-13,124.23851547578843,125.43599209767667,124.23851547578843,124.93704223632812,88055,0.0,0.0,128.06545906066896,132.08001052856446,-3.0394845153554018,40.25954351388165
2024-09-16,124.23851057206511,124.53788352240619,123.53998383909642,124.4380874633789,150453,0.0,0.0,127.83594207763672,131.68883361816407,-2.9257541696351663,39.0388081356473
2024-09-17,124.73746396274005,126.73326338614389,124.23851410688908,126.03473663330078,323633,0.0,0.0,127.6613094329834,131.36351821899413,-2.8182929600277857,44.80615817466845
2024-09-18,125.73536184863593,127.53158434896464,125.4359888941243,126.9328384399414,94178,0.0,0.0,127.48667678833007,131.0581607055664,-2.7251137189846357,47.79781840708192
2024-09-19,127.63136784272216,130.7248552613472,127.63136784272216,128.13031005859375,251368,0.0,0.0,127.43678131103516,130.7947149658203,-2.5673312990227846,51.567324478820034
2024-09-20,128.03053289814173,128.23010979021024,122.34250011374439,122.94123840332031,461818,0.0,0.0,127.06256866455078,130.37360107421875,-2.539649424719869,38.569986704088876
2024-09-23,123.04103991130782,123.04103991130782,121.24481734966814,121.94334411621094,281417,0.0,0.0,126.56860809326172,129.9405126953125,-2.594960210721421,36.656563206781556
2024-09-24,122.6418814115298,125.93494603498993,122.6418814115298,125.0368423461914,405091,0.0,0.0,126.27422828674317,129.53536544799806,-2.5175651066226203,45.65685165236633
2024-09-25,124.73746215142454,126.9328384399414,124.33830074986588,126.9328384399414,230542,0.0,0.0,126.13452224731445,129.17213012695314,-2.351596955669353,50.31636360076057
2024-09-26,129.42758089126602,129.92653071368937,128.03052747917675,129.02842712402344,335951,0.0,0.0,126.0596794128418,128.85080657958986,-2.1661697282616568,54.91742124224529
2024-09-27,129.22801121136814,130.32570697258583,128.42968840564083,128.828857421875,132406,0.0,0.0,125.88005828857422,128.48757110595704,-2.0293891424194994,54.40074040137879
2024-09-30,128.5294861987751,130.7248625240599,127.83095944437645,129.62716674804688,161670,0.0,0.0,125.74534149169922,128.08441925048828,-1.8262000737300004,56.176878805611786
2024-10-01,130.0263285954092,131.42338202712355,129.22800582296944,129.82675170898438,176446,0.0,0.0,125.75033111572266,127.72517517089844,-1.5461666445423972,56.63169172114739
2024-10-02,130.32571146775734,130.42549230520174,127.5315891647079,129.1282196044922,143675,0.0,0.0,125.89502639770508,127.5455532836914,-1.2940685453103664,54.4997882385443
2024-10-03,129.22801882780252,138.40869356790418,128.82886501478407,134.1177215576172,1107984,0.0,0.0,126.28420715332031,127.50563720703126,-0.9579420019898471,64.71693839586669
2024-10-04,134.2175112523805,137.51058334704365,134.11771519049265,136.4128875732422,262404,0.0,0.0,126.91787338256836,127.55154052734375,-0.4967930157139462,68.24890549887212
2024-10-07,139.10722077314963,140.1051205354441,136.01374064608203,139.60617065429688,687907,0.0,0.0,127.73615112304688,127.63137237548828,0.0820948216793762,72.39008002142772
2024-10-08,137.71017135949018,137.71017135949018,133.9181491027934,134.41709899902344,311545,0.0,0.0,128.29996490478516,127.63935577392579,0.517559123401906,58.93780540017211
2024-10-09,134.21751662921312,135.81416232293392,133.51898984823842,135.4149932861328,122206,0.0,0.0,128.9186626434326,127.67528045654296,0.9738628984745871,60.45953669973442
2024-10-10,135.01582874976052,135.61455941728337,133.21960629371065,134.01792907714844,212656,0.0,0.0,129.3876750946045,127.73715026855469,1.2921259184033407,57.2601634189619
2024-10-11,134.01794143427068,136.71226775340546,134.01794143427068,136.21331787109375,473425,0.0,0.0,129.95148887634278,127.96267578125,1.5542134321203334,60.773052020220575
2024-10-14,136.21330437164318,136.9118310923035,130.4254832650824,131.92233276367188,485318,0.0,0.0,130.32570114135743,128.17023864746093,1.6817184056473578,51.80965789907771
2024-10-15,131.3236132539038,131.62297099765445,125.9349454652651,126.53369140625,475071,0.0,0.0,130.35064888000488,128.28000762939453,1.6141574114904218,43.19394410457437
2024-10-16,126.03473352397504,126.73326025958521,121.24481198062679,122.94123840332031,1347024,0.0,0.0,130.15106887817382,128.3039570617676,1.4396374505557898,38.5869515768371
2024-10-17,122.94124341261148,123.44019327648309,121.34460537089655,121.74376678466797,329811,0.0,0.0,129.83174171447754,128.29796966552735,1.1954764778809357,37.16404483133128
2024-10-18,121.84355160212985,123.83935099811353,121.84355160212985,123.53998565673828,387794,0.0,0.0,129.86167907714844,128.30595291137695,1.2125128495371176,40.69664082284341
2024-10-21,123.53998890152856,123.53998890152856,121.544189453125,121.544189453125,166520,0.0,0.0,129.84172134399415,128.26404129028322,1.230025218167248,38.13149973126537
2024-10-22,121.54418848909548,123.34040341038956,120.24691581257422,122.8414535522461,290648,0.0,0.0,129.73195190429686,128.2201335144043,1.1790803428875931,40.745876429693055
2024-10-23,122.74166017245045,124.03893279685701,121.64397205130585,122.34249877929688,238619,0.0,0.0,129.50243492126464,128.17422988891602,1.0362496685173983,40.044963703834675
2024-10-24,122.0431399384954,123.24061656830473,118.35090637207031,118.35090637207031,647248,0.0,0.0,128.968558883667,127.99261215209961,0.7625023938159905,34.87627823326865
2024-10-25,119.2490113057547,122.94123706234208,119.2490113057547,122.34249877929688,652533,0.0,0.0,128.64424095153808,127.88883041381835,0.5906774933161826,42.823807167490926
2024-10-28,122.74166694657762,124.03893964258081,121.74376721530463,121.94334411621094,540931,0.0,0.0,128.2600498199463,127.74712875366211,0.4015127942900828,42.268302875175664
2024-10-29,121.54419218287708,124.1387300013981,120.7458693402379,121.04524230957031,411791,0.0,0.0,127.82097434997559,127.57748580932618,0.19085541551847185,40.98021519911396
2024-10-30,120.74586813790458,121.4443949082301,118.35090724720587,118.75006866455078,494500,0.0,0.0,127.30206680297852,127.34397735595704,-0.03291129572729713,37.80917008500286
2024-10-31,118.75007140083152,119.54839425391658,117.75217164116067,118.2511215209961,228616,0.0,0.0,126.50873680114746,127.12643539428711,-0.4858931120217729,37.13642283717909
2024-11-01,118.25112280538798,119.14923412152083,118.05154589663448,118.84986114501953,67247,0.0,0.0,125.63058547973633,126.89492279052735,-0.9963655621416265,38.54944424963226
2024-11-04,119.64817582941613,120.94544087439435,119.24901442581879,120.3467025756836,191666,0.0,0.0,124.66761207580566,126.66540573120118,-1.5772212182662282,42.0559988983873
2024-11-05,120.24692088546172,120.74587076465451,119.64818255310456,119.94754791259766,189073,0.0,0.0,123.94413452148437,126.44586791992188,-1.9785015039177518,41.37793026441459
2024-11-06,119.84775228918744,122.44228998308986,118.94964103769838,120.14712524414062,301830,0.0,0.0,123.18074111938476,126.25427124023437,-2.4343969440854423,41.88248400954642
2024-11-07,120.4464928571505,121.84355398432751,119.24901624149629,119.44859313964844,280996,0.0,0.0,122.45227432250977,126.03273742675782,-2.840899259471207,40.56643232929547
2024-11-08,119.2490085989742,119.2490085989742,117.55258223329083,117.75215911865234,178656,0.0,0.0,121.52921638488769,125.73935501098633,-3.3483062051103922,37.485782214722
2024-11-11,117.95174460905412,118.75006743548127,116.45489501953125,116.45489501953125,234152,0.0,0.0,120.75584449768067,125.42202285766602,-3.7203819980488753,35.27943770987996
2024-11-12,115.25741813595474,115.35720658569267,112.66288037591474,112.86245727539062,356236,0.0,0.0,120.0722827911377,125.08473281860351,-4.007243661570446,30.011506670130345
2024-11-13,112.56309509277344,113.56099484496693,111.36561082211871,112.56309509277344,475528,0.0,0.0,119.55337562561036,124.81130844116211,-4.212705468135062,29.614664683213803
2024-11-14,112.56309098138831,114.75846731067914,111.96434506124479,114.15972900390625,294952,0.0,0.0,119.17417373657227,124.56782089233398,-4.329888021741611,34.583028038188814
2024-11-15,113.66078186035156,115.2574199209986,112.96224747462605,113.66078186035156,158987,0.0,0.0,118.68021354675292,124.36624526977539,-4.572005619923895,33.78055252411133
2024-11-18,113.56098670750562,114.35930188403285,110.16812627049644,110.66707611083984,288649,0.0,0.0,118.13635787963867,124.11477447509766,-4.816845231152156,29.376009761024108
2024-11-19,110.96644460158711,112.36350571693848,109.27001814154156,110.36770629882812,468994,0.0,0.0,117.51267051696777,123.85931213378906,-5.124073036967813,28.969234365548374
2024-11-20,110.96644733964509,111.66498172124214,109.36980928843444,109.86875915527344,360264,0.0,0.0,116.8889835357666,123.59586654663086,-5.426462225849482,28.266699008838927
2024-11-21,109.76897036311547,110.0683433276359,107.67338245158469,107.97274780273438,571492,0.0,0.0,116.37007560729981,123.26256790161133,-5.591715645428658,25.71468286473565
2024-11-22,108.17233056154873,108.57149196997517,106.27631958155116,107.17443084716797,744388,0.0,0.0,115.61167221069336,122.90731567382812,-5.935890327713259,24.703374255625263
2024-11-25,107.9727454744216,111.0662406631891,107.9727454744216,110.36770629882812,655374,0.0,0.0,115.03289031982422,122.6259080505371,-6.192017536443947,35.6116378101666
2024-11-26,108.87085685825159,109.36980671334291,106.47589603113914,106.97484588623047,354916,0.0,0.0,114.32937049865723,122.2447102355957,-6.474995704667847,30.547854484476076
2024-11-27,106.77527215491567,106.77527215491567,105.67758396384771,106.67548370361328,441805,0.0,0.0,113.72564125061035,121.83956314086915,-6.659513282132829,30.1406140519629
2024-11-28,106.67548010674976,107.57359136493059,105.97694574444442,106.7752685546875,217968,0.0,0.0,113.15184860229492,121.41246231079101,-6.803760957710105,30.473330265353525
2024-11-29,106.57569305707332,106.8750584048142,104.57989361865151,105.67758178710938,492393,0.0,0.0,112.49323463439941,121.06718917846679,-7.0819803468208,28.8457956927857
2024-12-02,105.4779963209565,107.9727455964131,104.87925801752104,106.97484588623047,527057,0.0,0.0,111.82464179992675,120.76781921386718,-7.405265303419117,33.374612036159874
2024-12-03,107.57359217902035,109.1702301982189,107.57359217902035,108.87085723876953,243885,0.0,0.0,111.27080726623535,120.44449951171875,-7.616530669871589,39.44137930415966
2024-12-04,108.77106519486085,111.66497579152663,108.27211535451745,110.66707611083984,315072,0.0,0.0,110.79680480957032,120.11918426513672,-7.7609413621968155,44.58910887322607
2024-12-05,110.36770537112807,111.66497802734375,109.56939017861654,111.66497802734375,473969,0.0,0.0,110.40762405395508,119.77191528320313,-7.818436573470497,47.27077332916509
2024-12-06,111.66497934656735,112.36350609993873,111.06624104176751,112.26371765136719,132077,0.0,0.0,110.13320198059083,119.44061248779298,-7.79250065228306,48.86967830200341
2024-12-09,113.86035876291838,116.45489656314116,113.2616204418471,113.66078186035156,984219,0.0,0.0,109.99349632263184,119.12128479003906,-7.66260075476493,52.489784425300314
2024-12-10,112.56309061045242,114.15972862770884,111.96434469228197,112.26371765136719,505395,0.0,0.0,109.96355934143067,118.77002410888672,-7.414720030184051,48.77109453988586
2024-12-11,111.96435043243434,115.8561610332133,110.96645066881774,113.16183471679688,325626,0.0,0.0,109.99349632263184,118.45069641113281,-7.1398483459706386,51.16626475817314
2024-12-12,112.86219787597656,113.06195093037569,111.66366430940066,112.86219787597656,467747,1.096789,0.0,109.92861976623536,118.0255859375,-6.86034820920301,50.32095262173866
2024-12-13,112.86219211130204,112.86219211130204,110.96450771107627,111.26414489746094,223575,0.0,0.0,109.80878791809081,117.52261108398437,-6.563692803235186,45.959883625136925
2024-12-16,110.86463177164651,111.26414548222905,109.7659747826122,110.76475524902344,316949,0.0,0.0,109.813671875,116.94578277587891,-6.0986473659740845,44.65740491812709
2024-12-17,110.26537126627538,111.86341857910156,109.86585753304617,111.86341857910156,200248,0.0,0.0,109.88845748901367,116.49470916748047,-5.670859840483578,48.139481686502336
2024-12-18,110.26536786996422,111.66366208315192,106.96938919745683,108.36768341064453,700996,0.0,0.0,109.81340370178222,115.9537629699707,-5.2955239320509895,39.6015999994581
2024-12-19,107.36890046938001,107.76841418119109,103.77329230326067,103.9730453491211,338957,0.0,0.0,109.61341857910156,115.35286529541015,-4.975556265213086,31.93383104841446
2024-12-20,103.77329617280903,107.06926727294922,102.77451566608342,107.06926727294922,464747,0.0,0.0,109.60816040039063,114.76998428344727,-4.497538198060995,40.652538134631385
2024-12-23,106.96938991121948,107.86829388427319,106.27024661000576,107.76841735839844,271109,0.0,0.0,109.47819595336914,114.2869059753418,-4.207577395620607,42.445307950122846
2024-12-27,107.86829025680954,111.36402188550244,107.86829025680954,110.86463165283203,246952,0.0,0.0,109.67268524169921,113.97352478027344,-3.7735426248031714,49.692946733785845
2024-12-30,110.36524084116846,111.4638978232616,110.06560365510207,111.36402130126953,211682,0.0,0.0,109.90711212158203,113.74198043823242,-3.3715505056929365,50.769761381360766
2025-01-02,111.46390279625919,113.56134033203125,111.36402626981109,113.56134033203125,247751,0.0,0.0,110.24641571044921,113.57833190917968,-2.933584375402483,55.303190821325416
2025-01-03,113.66122569814543,114.46024553839412,112.26293145259697,112.56256103515625,145475,0.0,0.0,110.59066467285156,113.35878341674805,-2.441909361112217,52.917809174569015
2025-01-07,113.76110029029897,116.75744178546002,113.26171004110547,114.16061401367188,451978,0.0,0.0,110.94995307922363,113.21111190795898,-1.9972940735479012,56.174949252356384
2025-01-08,113.86097221028824,114.1606093957198,110.56499365090173,111.56377410888672,493771,0.0,0.0,111.0845989227295,112.9855583190918,-1.6824799776566493,50.10855864641495
2025-01-09,110.86463141584414,112.36280211065284,110.76475489354159,111.06438446044922,192684,0.0,0.0,111.10446434020996,112.75999603271484,-1.4681906267756197,49.0124017773443
2025-01-10,110.96450864297807,113.16183024804205,110.46511840820312,110.46511840820312,272805,0.0,0.0,111.04447135925292,112.6022802734375,-1.383461249986834,47.66491520104837
2025-01-13,110.06560331479692,112.16304837059634,109.56621308629042,111.66365814208984,180833,0.0,0.0,111.01446838378907,112.38870346069336,-1.2227519622422918,50.5907141704906
2025-01-14,112.06316445648534,112.7623153498689,111.26414466130578,111.46389770507812,205813,0.0,0.0,110.9046241760254,112.1791145324707,-1.136120891805048,50.08810789916542
2025-01-15,111.36402686463552,113.36158788462899,111.36402686463552,113.06195068359375,155502,0.0,0.0,110.94453582763671,112.01944869995117,-0.9595770063050891,54.02326100791552
2025-01-16,113.66122644222395,113.86097949857114,110.96451446099287,111.96329498291016,575789,0.0,0.0,110.88460884094238,111.88371322631836,-0.8929846503708703,51.043683210642385
2025-01-17,111.96329140357287,115.45902311852888,111.96329140357287,114.95963287353516,461101,0.0,0.0,110.9894805908203,111.81788345336913,-0.7408500652709031,57.86855022442328
2025-01-20,114.95963275246827,115.55889952181154,113.8609757386572,115.05950927734375,170073,0.0,0.0,111.17924880981445,111.74207641601562,-0.5036845781402535,58.078338271404185
2025-01-21,114.95963264089939,115.15939331054688,113.46146190894999,115.15939331054688,185971,0.0,0.0,111.39898071289062,111.6383302307129,-0.21439725704212373,58.30195684236341
2025-01-22,114.859756712704,115.95841373115525,113.96085274484736,114.66000366210938,108973,0.0,0.0,111.53880996704102,111.53257934570313,0.00558636891071936,56.674224060038725
2025-01-23,114.66000306656375,115.65878355453002,114.46024239691626,115.15939331054688,148252,0.0,0.0,111.87839546203614,111.43282470703124,0.3998559277092249,57.93886051267355
2025-01-24,115.35914901453336,120.85244182474923,115.35914901453336,119.25439453125,763510,0.0,0.0,112.64246292114258,111.42894073486327,1.089054762861643,66.55873949497214
2025-01-27,118.0558541867703,119.75378563952832,117.2568343443759,118.55524444580078,140180,0.0,0.0,113.21676177978516,111.44500244140625,1.5898060025710357,64.14181843719015
2025-01-28,118.35548970517694,120.45292723922526,117.75622292689035,119.95353698730469,193618,0.0,0.0,113.82601776123047,111.51497528076172,2.0724054994858183,66.74290051121838
2025-01-29,119.9535363863236,120.6526873075639,118.85487936162085,120.45292663574219,165961,0.0,0.0,114.30543251037598,111.66678466796876,2.362965720068871,67.64556385761934
2025-01-30,120.65268611350935,121.8512196522163,120.15329586903306,121.45170593261719,317008,0.0,0.0,114.80981674194337,111.84455688476562,2.651233050378011,69.43252723168158
2025-01-31,119.85365693122444,123.3493885917185,119.85365693122444,122.94987487792969,350184,0.0,0.0,115.27924346923828,112.02035980224609,2.909188716002363,71.93634115594892
2025-02-03,119.45414531282748,121.65146696716484,119.45414531282748,121.1520767211914,273482,0.0,0.0,115.70871925354004,112.17018569946289,3.154611478987764,65.05048596511199
2025-02-04,121.25195456655344,122.35061159563902,119.55402313970251,120.05341339111328,138381,0.0,0.0,116.00335922241212,112.35791244506837,3.2444949341026645,61.19537800998179
2025-02-05,119.95353204486368,121.05218902980292,117.15695132139015,117.65634155273438,245456,0.0,0.0,116.3079875946045,112.50368515014648,3.381491405708912,53.71561776496791
2025-02-06,117.85609666474012,122.65024601778264,116.95719270853336,122.3506088256836,265055,0.0,0.0,116.8722988128662,112.75332214355468,3.653086748137979,63.20137652315744
2025-02-07,122.65025079429313,122.65025079429313,118.45536804199219,118.45536804199219,153755,0.0,0.0,117.27181129455566,112.96297454833984,3.8143796792213114,53.41823535597927
2025-02-10,118.75499960296395,119.65390355146519,116.25804842384397,116.75743865966797,270281,0.0,0.0,117.52650032043456,113.15463470458984,3.863620458197098,49.79957814359014
2025-02-11,112.7623175065708,114.16061169999163,109.06682516538069,109.66609954833984,1213958,0.0,0.0,117.43661041259766,113.14060256958008,3.7970522919705902,38.1698066479587
2025-02-12,109.86585633944621,113.06195093037569,109.76597981224666,112.86219787597656,624402,0.0,0.0,117.4266227722168,113.258349609375,3.6803230642315214,44.46473677340883
2025-02-13,113.46146213419308,121.3518295288086,113.46146213419308,121.3518295288086,1073238,0.0,0.0,117.89604949951172,113.55187652587891,3.825716585707639,56.99058720029404
2025-02-14,120.8524381053691,125.04731307421355,119.85365762515944,122.3506088256836,490420,0.0,0.0,118.26559829711914,113.86338333129883,3.866225328129893,58.18548515120109
2025-02-17,122.35061256695447,126.54548766407096,121.45170858326077,125.54670715332031,715388,0.0,0.0,118.78995819091797,114.26076583862304,3.9639086251984015,61.83908796072588
2025-02-18,125.64658685327541,125.84633990031917,122.25073171289954,122.8499984741211,593403,0.0,0.0,119.17448844909669,114.57826889038085,4.011423460336199,57.29051096727776
2025-02-19,122.94987788283505,123.84878185580659,120.15329705814533,120.45292663574219,274880,0.0,0.0,119.46413459777833,114.80991027832032,4.053852414112436,53.52194548314243
2025-02-20,120.35305180909462,120.75256553828817,118.85488103968682,119.05463409423828,282567,0.0,0.0,119.6588966369629,114.97766143798827,4.071430172111635,51.398009862049726
2025-02-21,119.15451788111146,120.55280449892254,118.75500415312662,119.3542709350586,653595,0.0,0.0,119.66389045715331,115.13144729614258,3.9367551328980723,51.83905829088911
2025-02-24,119.85366131380088,121.95109886277429,118.4553670744551,119.25439453125,350711,0.0,0.0,119.69884796142578,115.27126083374023,3.8410156145265204,51.67074078596051
2025-02-25,118.1557379741478,119.65390874666824,117.95597729909072,118.8548812866211,323952,0.0,0.0,119.6439151763916,115.37514282226563,3.69990645272871,50.957990430661475
2025-02-26,118.9547514625275,120.65268281944414,117.25682772570104,117.75621795654297,458660,0.0,0.0,119.50907974243164,115.48499282836914,3.484510684468751,48.95797063944224
2025-02-27,116.95719289289772,117.25683008546908,115.65878283863262,115.75865936279297,338898,0.0,0.0,119.22442741394043,115.53692932128907,3.191618571060553,45.46407490828943
2025-02-28,114.46024168843752,116.05828893527398,113.16183163417243,115.75865936279297,551105,0.0,0.0,118.8648666381836,115.5948585510254,2.82885253561236,45.464074908289426
2025-03-03,115.75866031356126,116.75744080354869,114.46024262854144,114.95963287353516,1995600,0.0,0.0,118.55524444580078,115.66876831054688,2.49546716664632,44.007138229808746
2025-03-04,113.46145827299371,114.26048568579746,111.1642677963407,111.76353454589844,413021,0.0,0.0,118.14075050354003,115.68874389648437,2.1194858933291423,38.669117920999845
2025-03-05,113.66122292851341,116.6575644016367,113.66122292851341,114.85975646972656,464749,0.0,0.0,118.00092124938965,115.74867065429687,1.9458111979700443,45.558549832623875
2025-03-06,115.65878668661374,119.35427154412791,115.35914948407341,118.8548812866211,675705,0.0,0.0,117.82613487243653,115.95841461181641,1.6106810936252598,52.90916295751645
2025-03-07,117.55646172827758,118.05585197796455,113.56133973078178,114.06072998046875,456799,0.0,0.0,117.60640296936035,116.16016830444336,1.2450349255060993,45.04879114268212
2025-03-10,113.86097233079715,114.26048603843202,111.06438399744326,111.46389770507812,396089,0.0,0.0,117.34172592163085,116.24806091308594,0.9408027970140571,41.456118225416084
2025-03-11,111.86341439536,113.06194793013127,108.7671964137922,108.96694946289062,304514,0.0,0.0,117.3067684173584,116.27203155517579,0.8899275675694954,38.29374783416189
2025-03-12,110.36524414835249,110.36524414835249,107.96816944826159,108.56743621826172,499391,0.0,0.0,117.09203033447265,116.22608764648437,0.7450501909882306,37.79694154535902
2025-03-13,108.46756065961216,108.86707438320164,106.86951338534473,107.76841735839844,1445253,0.0,0.0,116.41285972595215,116.15417556762695,0.22270758417512504,36.76949920526669
2025-03-14,107.76841511584658,109.9657291197291,107.16914835297774,109.66609954833984,807011,0.0,0.0,115.77863426208496,116.07627075195313,-0.25641458666793004,40.87992587027619
2025-03-17,109.86585200690422,111.26414619282832,109.5662148170311,110.16548919677734,324210,0.0,0.0,115.00957336425782,116.02832931518554,-0.8780234593918209,41.94939383319489
2025-03-18,110.76475786838272,111.6636618334281,108.26780664330687,108.56743621826172,507351,0.0,0.0,114.29544525146484,115.91646575927734,-1.3984385196654125,39.48771637675433
2025-03-19,108.3676837665236,108.76719748875928,107.16915021990698,108.06804656982422,187161,0.0,0.0,113.67620124816895,115.8465512084961,-1.8734696352082445,38.72298772217082
2025-03-20,108.26780919313428,108.26780919313428,105.8707344365896,106.47000122070312,388606,0.0,0.0,113.04696960449219,115.75466354370117,-2.339166178118376,36.30033991169555
2025-03-21,104.80000305175781,105.5,101.19999694824219,101.9000015258789,679705,1.4258256,0.0,112.1742561340332,115.58336120605469,-2.9494773611436624,30.43598165406796
2025-03-24,102.4000015258789,103.0,99.75,100.0,1171326,0.0,0.0,111.2115364074707,115.35008804321289,-3.5878183588310653,28.38297578564095
2025-03-25,100.0,100.0999984741211,97.30000305175781,97.80000305175781,526894,0.0,0.0,110.15879249572754,115.07681015014649,-4.273682636842438,26.18086258471078
2025-03-26,98.30000305175781,98.80000305175781,97.0,97.75,559310,0.0,0.0,109.15848159790039,114.77057113647462,-4.889833241224219,26.131237551840613
2025-03-27,96.80000305175781,97.44999694824219,95.5,96.5,607053,0.0,0.0,108.19554862976074,114.4613052368164,-5.474126469283252,24.862533232397055
2025-03-28,96.19999694824219,99.44999694824219,96.19999694824219,98.44999694824219,252473,0.0,0.0,107.3301155090332,114.13111251831054,-5.958933422458513,30.52900297730335
2025-03-31,97.05000305175781,97.4000015258789,94.75,94.75,343575,0.0,0.0,106.31963386535645,113.72492233276367,-6.511579269967798,26.452604898863385
2025-04-01,95.5,95.6500015258789,93.19999694824219,95.05000305175781,456670,0.0,0.0,105.48395729064941,113.3227345275879,-6.917215040403185,27.300234214829345
2025-04-02,94.5,95.5,94.0,95.4000015258789,173197,0.0,0.0,104.51096954345704,112.93753448486328,-7.461261643298607,28.3378902698109
2025-04-03,91.8499984741211,94.1500015258789,91.19999694824219,93.3499984741211,1061232,0.0,0.0,103.23572540283203,112.50134658813477,-8.236009137938582,25.997318276687466
2025-04-04,93.3499984741211,94.25,87.8499984741211,89.80000305175781,671313,0.0,0.0,102.02268905639649,111.91225875854492,-8.836895807353482,22.527370349367516
2025-04-07,80.9000015258789,89.0,80.5999984741211,84.0999984741211,967110,0.0,0.0,100.65449409484863,111.22315383911133,-9.502211886160579,18.303104356158286
2025-04-08,86.1500015258789,88.05000305175781,84.30000305175781,84.44999694824219,495049,0.0,0.0,99.42864646911622,110.51308303833008,-10.02997678145434,19.303725949560132
2025-04-09,82.19999694824219,82.8499984741211,79.8499984741211,81.69999694824219,776605,0.0,0.0,98.08527450561523,109.73802444458008,-10.618698484817102,17.491007448268462
2025-04-10,89.8499984741211,91.05000305175781,82.0,82.3499984741211,979847,0.0,0.0,96.81435356140136,108.95599029541016,-11.143615602124699,19.41719239433955
2025-04-11,82.3499984741211,83.4000015258789,78.75,82.3499984741211,1253797,0.0,0.0,95.44854850769043,108.14399276733398,-11.739389248330346,19.41719239433955
2025-04-14,84.0999984741211,84.75,83.30000305175781,84.75,278953,0.0,0.0,94.17777404785156,107.41595123291016,-12.324219106298509,26.740804801624847
2025-04-15,84.9000015258789,85.55000305175781,84.1500015258789,85.25,247852,0.0,0.0,93.01190223693848,106.71988296508789,-12.844823614202994,28.204740154015184
2025-04-16,84.94999694824219,84.94999694824219,83.0,84.3499984741211,392252,0.0,0.0,91.82599983215331,106.05375610351562,-13.415608078487159,27.152936945754206
2025-04-17,84.1500015258789,84.80000305175781,83.1500015258789,83.4000015258789,107840,0.0,0.0,90.67249984741211,105.27474395751953,-13.870605200426533,26.04870044811568
2025-04-22,83.0,84.0,81.3499984741211,84.0,408808,0.0,0.0,89.77749977111816,104.58563659667969,-14.15886282995733,28.03916344761673
2025-04-23,85.0999984741211,87.8499984741211,84.69999694824219,86.80000305175781,575371,0.0,0.0,89.11749992370605,103.98648788452148,-14.298961589440024,36.61345803318306
2025-04-24,87.69999694824219,87.8499984741211,85.5999984741211,86.9000015258789,242436,0.0,0.0,88.5724998474121,103.53116592407227,-14.448466742498155,36.90261463489856
2025-04-25,91.0,91.94999694824219,86.25,88.80000305175781,584836,0.0,0.0,88.125,103.0499220275879,-14.483195847147062,42.289482027278
2025-04-28,88.5999984741211,89.69999694824219,87.55000305175781,88.55000305175781,342977,0.0,0.0,87.7275001525879,102.39388549804687,-14.323497222633213,41.78400004832112
2025-04-29,88.8499984741211,92.0999984741211,88.75,90.80000305175781,437324,0.0,0.0,87.34500045776367,101.76287338256836,-14.168107135302666,47.82816884117149
2025-04-30,91.0,91.6500015258789,89.4000015258789,89.9000015258789,146645,0.0,0.0,87.10250053405761,101.04993927001954,-13.80252065139042,45.780678514138636
2025-05-02,92.0,94.80000305175781,90.0,90.0,322440,0.0,0.0,86.85000038146973,100.39293930053711,-13.489931675897177,46.056995794275316
2025-05-05,90.0,90.0,88.75,89.19999694824219,186736,0.0,0.0,86.5400001525879,99.76788070678711,-13.258656453849419,44.11981308181707
2025-05-06,88.94999694824219,89.30000305175781,86.5999984741211,86.94999694824219,324907,0.0,0.0,86.22000007629394,99.12578796386718,-13.019606857781135,39.13431786088799
2025-05-07,87.0,88.8499984741211,86.80000305175781,88.25,391880,0.0,0.0,86.14249992370605,98.50370254516602,-12.548972578763824,43.13269559267648
2025-05-08,88.9000015258789,91.55000305175781,88.0999984741211,91.5,330853,0.0,0.0,86.5125,97.94861465454102,-11.675626750695267,51.678875505579235
2025-05-09,91.75,93.0,91.6500015258789,92.4000015258789,291163,0.0,0.0,86.91000022888184,97.41951705932617,-10.787896663503558,53.75164152143737
2025-05-12,93.5999984741211,98.3499984741211,93.5999984741211,97.80000305175781,710156,0.0,0.0,87.71500053405762,97.02039276123047,-9.5911714664706,63.78845081582106
2025-05-13,97.5,99.8499984741211,97.5,98.3499984741211,823080,0.0,0.0,88.51500053405762,96.67221954345703,-8.438017713798844,64.63038767903976
2025-05-14,98.4000015258789,99.94999694824219,97.5999984741211,99.55000305175781,242572,0.0,0.0,89.37500076293945,96.34804641723633,-7.237350328931452,66.4625780894978
2025-05-15,99.25,99.5,97.30000305175781,99.0999984741211,363446,0.0,0.0,90.09250068664551,96.03085372924805,-6.183796990231175,65.10068020678005
2025-05-16,98.8499984741211,100.0999984741211,97.69999694824219,98.0,333948,0.0,0.0,90.73000068664551,95.75558303833007,-5.248343952616182,61.7687491808583
2025-05-19,97.3499984741211,98.8499984741211,95.80000305175781,96.5,311465,0.0,0.0,91.33750076293946,95.38838790893554,-4.246729853389857,57.45068080108034
2025-05-20,96.55000305175781,99.80000305175781,96.25,98.8499984741211,616125,0.0,0.0,92.11000061035156,94.98829025268554,-3.0301520689310504,61.93972272097766
2025-05-21,98.6500015258789,98.8499984741211,97.0999984741211,98.1500015258789,131593,0.0,0.0,92.8175006866455,94.67007568359375,-1.9568749507921843,59.91209237541078
2025-05-22,102.80000305175781,105.0,98.6500015258789,99.1500015258789,1418400,0.0,0.0,93.43500061035157,94.42379776000976,-1.0471906162589988,61.834219933844665
2025-05-23,99.1500015258789,100.30000305175781,94.0,95.69999694824219,709643,0.0,0.0,93.87500038146973,94.1584587097168,-0.3010439339506869,52.484397059790176
2025-05-26,97.0,97.9000015258789,96.5999984741211,97.80000305175781,138410,0.0,0.0,94.32500038146972,93.94311004638672,0.40651234017527427,56.769401841620535
2025-05-27,97.8499984741211,99.0,97.5,97.94999694824219,126833,0.0,0.0,94.79500007629395,93.7467416381836,1.1181811973328257,57.067213610135745
2025-05-28,97.94999694824219,97.94999694824219,96.5999984741211,96.9000015258789,163426,0.0,0.0,95.1,93.49141967773437,1.7205646548211722,54.24982068426179
2025-05-30,96.9000015258789,98.0999984741211,95.5999984741211,97.1500015258789,197616,0.0,0.0,95.4625,93.2311099243164,2.3933964504927756,54.82173060335196
2025-06-02,96.75,97.1500015258789,94.4000015258789,94.80000305175781,362287,0.0,0.0,95.70250015258789,92.95576126098632,2.9548882762518747,48.66356951841178
2025-06-03,94.80000305175781,95.0,93.5999984741211,94.94999694824219,141611,0.0,0.0,95.9900001525879,92.69340026855468,3.5564558797953087,49.05691506265761
2025-06-04,95.3499984741211,95.94999694824219,94.6500015258789,95.1500015258789,196387,0.0,0.0,96.40000038146972,92.4670002746582,4.253409427286687,49.61132693342037
2025-06-05,95.19999694824219,95.5,93.80000305175781,95.25,282387,0.0,0.0,96.75000038146973,92.33400024414063,4.78263708455471,49.90487610262709
2025-06-09,93.9000015258789,96.0,93.3499984741211,95.30000305175781,581559,0.0,0.0,96.94000053405762,92.24000030517578,5.095403527029376,50.06154070979631
2025-06-10,95.1500015258789,96.80000305175781,94.69999694824219,96.5,278216,0.0,0.0,97.14500045776367,92.21400024414062,5.347344438553811,53.79596498534023
