Instrument,Growth_cluster_rank,Quality_cluster_rank,Value_cluster_rank,Momentum_cluster_rank,overall_rank
ARION-SDB,81.0,60.0,97.0,74.0,98.0
AZA,77.0,93.0,24.0,92.0,95.0
SHB-A,39.0,59.0,70.0,51.0,62.0
SHB-B,39.0,59.0,39.0,70.0,51.0
NDA-SE,38.0,61.0,27.0,72.0,44.0
SEB-A,33.0,60.0,69.0,69.0,70.0
SEB-C,33.0,60.0,70.0,68.0,70.0
SWED-A,42.0,62.0,76.0,72.0,83.0
AAK,52.0,76.0,26.0,13.0,23.0
AXFO,42.0,65.0,22.0,68.0,43.0
ESSITY-A,22.0,75.0,37.0,26.0,20.0
ESSITY-B,22.0,75.0,36.0,29.0,20.0
IPCO,17.0,75.0,2.0,67.0,20.0
ATRLJ-B,44.0,71.0,88.0,17.0,62.0
BALD-B,61.0,81.0,65.0,26.0,71.0
CAST,25.0,78.0,50.0,30.0,33.0
CATE,90.0,89.0,36.0,35.0,83.0
CORE-A,32.0,46.0,64.0,30.0,26.0
CORE-B,32.0,46.0,68.0,19.0,22.0
CORE-D,32.0,46.0,51.0,50.0,30.0
CORE-PREF,32.0,46.0,48.0,50.0,29.0
FABG,18.0,68.0,49.0,32.0,23.0
FPAR-A,32.0,79.0,46.0,13.0,25.0
FPAR-D,32.0,79.0,82.0,61.0,84.0
HEM,83.0,99.0,4.0,20.0,51.0
HUFV-A,54.0,69.0,39.0,36.0,44.0
NP3,61.0,92.0,32.0,39.0,65.0
NP3-PREF,61.0,92.0,93.0,49.0,97.0
NYF,38.0,69.0,61.0,26.0,41.0
PNDX-B,21.0,75.0,49.0,32.0,30.0
SAGA-A,48.0,94.0,26.0,34.0,49.0
SAGA-B,48.0,94.0,27.0,33.0,49.0
SAGA-D,48.0,94.0,89.0,46.0,93.0
WALL-B,77.0,73.0,30.0,20.0,47.0
WIHL,58.0,87.0,50.0,29.0,65.0
BURE,,81.0,35.0,33.0,
EQT,,92.0,9.0,85.0,
INDU-A,8.0,86.0,51.0,68.0,57.0
INDU-C,8.0,86.0,55.0,68.0,60.0
INVE-A,1.0,84.0,43.0,55.0,33.0
INVE-B,1.0,84.0,37.0,57.0,30.0
KINV-A,,19.0,81.0,95.0,
KINV-B,,19.0,62.0,91.0,
LATO-B,36.0,74.0,21.0,37.0,24.0
LUND-B,24.0,70.0,35.0,40.0,24.0
SAVE,65.0,94.0,23.0,82.0,88.0
ROKO-B,60.0,79.0,11.0,94.0,79.0
STOR-B,61.0,39.0,40.0,73.0,57.0
SAMPO-SDB,36.0,75.0,25.0,54.0,39.0
ALIF-B,73.0,58.0,9.0,60.0,47.0
ALVO-SDB,97.0,91.0,100.0,16.0,97.0
ASKER,79.0,45.0,11.0,92.0,67.0
AZN,68.0,97.0,22.0,36.0,64.0
BIOA-B,100.0,100.0,6.0,55.0,87.0
BIOT,7.0,79.0,17.0,40.0,13.0
BONEX,52.0,97.0,3.0,58.0,54.0
CAMX,91.0,99.0,7.0,89.0,95.0
EKTA-B,45.0,54.0,64.0,17.0,31.0
GETI-B,41.0,64.0,37.0,45.0,36.0
MCOV-B,86.0,45.0,1.0,84.0,60.0
SECT-B,40.0,90.0,2.0,89.0,63.0
SOBI,53.0,91.0,30.0,39.0,57.0
VIMIAN,66.0,69.0,5.0,67.0,51.0
VITR,38.0,72.0,20.0,28.0,18.0
ABB,58.0,88.0,12.0,51.0,53.0
ADDT-B,69.0,82.0,7.0,51.0,53.0
AFRY,32.0,55.0,60.0,53.0,47.0
ALFA,65.0,82.0,24.0,51.0,63.0
ASSA-B,42.0,79.0,23.0,45.0,38.0
ATCO-A,39.0,91.0,16.0,54.0,47.0
ATCO-B,39.0,91.0,19.0,43.0,40.0
BEIJ-B,70.0,66.0,14.0,64.0,58.0
BRAV,45.0,55.0,51.0,74.0,66.0
EPRO-B,54.0,72.0,19.0,63.0,52.0
ENGCON-B,64.0,93.0,7.0,29.0,41.0
EPI-A,61.0,86.0,16.0,62.0,66.0
EPI-B,61.0,86.0,16.0,59.0,63.0
INDT,53.0,78.0,12.0,52.0,42.0
LIFCO-B,70.0,90.0,5.0,74.0,75.0
LIAB,60.0,54.0,39.0,48.0,48.0
LOOMIS,58.0,67.0,52.0,86.0,87.0
MTRS,72.0,70.0,20.0,11.0,27.0
NCC-A,33.0,57.0,64.0,48.0,49.0
NCC-B,33.0,57.0,60.0,58.0,52.0
NIBE-B,44.0,58.0,15.0,69.0,35.0
NOLA-B,58.0,64.0,30.0,60.0,56.0
OEM-B,47.0,87.0,10.0,79.0,64.0
PEAB-B,30.0,54.0,57.0,36.0,30.0
SAAB-B,76.0,62.0,6.0,74.0,61.0
SAND,72.0,84.0,32.0,85.0,91.0
SECU-B,59.0,61.0,51.0,59.0,69.0
SKA-B,85.0,48.0,55.0,43.0,70.0
SWEC-A,57.0,77.0,19.0,46.0,45.0
SWEC-B,57.0,77.0,18.0,49.0,48.0
SYSR,26.0,71.0,19.0,78.0,41.0
8TRA,23.0,61.0,55.0,62.0,48.0
TREL-B,54.0,71.0,31.0,67.0,64.0
VOLV-A,26.0,74.0,39.0,53.0,40.0
VOLV-B,26.0,74.0,44.0,54.0,44.0
ALLEI,83.0,62.0,57.0,68.0,90.0
BILL,67.0,63.0,68.0,28.0,67.0
BOL,81.0,71.0,54.0,38.0,79.0
GRNG,71.0,63.0,52.0,69.0,85.0
HPOL-B,43.0,72.0,55.0,70.0,76.0
HOLM-A,52.0,66.0,54.0,29.0,48.0
HOLM-B,52.0,66.0,42.0,27.0,36.0
LUG,94.0,99.0,15.0,83.0,96.0
LUMI,89.0,57.0,16.0,45.0,51.0
SCA-A,54.0,73.0,59.0,38.0,65.0
SCA-B,54.0,73.0,45.0,35.0,51.0
SKF-A,39.0,67.0,57.0,84.0,81.0
SKF-B,39.0,67.0,53.0,83.0,78.0
SSAB-A,20.0,53.0,72.0,78.0,64.0
SSAB-B,20.0,53.0,73.0,77.0,64.0
STE-A,71.0,40.0,13.0,65.0,38.0
STE-R,71.0,40.0,22.0,57.0,39.0
TROAX,35.0,82.0,10.0,28.0,17.0
ASMDEE-B,79.0,51.0,17.0,42.0,38.0
ALIV-SDB,62.0,72.0,13.0,84.0,70.0
BETS-B,68.0,97.0,16.0,72.0,84.0
BILI-A,49.0,55.0,57.0,64.0,66.0
DOM,24.0,28.0,72.0,75.0,45.0
ELUX-A,51.0,32.0,34.0,48.0,22.0
ELUX-B,51.0,32.0,55.0,68.0,51.0
EMBRAC-B,27.0,83.0,75.0,10.0,42.0
EVO,49.0,100.0,35.0,54.0,74.0
FOI-B,15.0,57.0,14.0,22.0,4.0
HM-B,32.0,81.0,39.0,37.0,38.0
HUSQ-A,34.0,49.0,42.0,61.0,35.0
HUSQ-B,34.0,49.0,49.0,61.0,41.0
JM,23.0,41.0,38.0,35.0,11.0
MIPS,87.0,98.0,8.0,44.0,73.0
NEWA-B,65.0,84.0,41.0,58.0,82.0
THULE,49.0,84.0,31.0,55.0,62.0
VOLCAR-B,14.0,54.0,87.0,52.0,51.0
ANOD-B,18.0,64.0,10.0,90.0,32.0
BETCO,16.0,63.0,3.0,63.0,14.0
FNOX,80.0,98.0,2.0,64.0,79.0
HACK,86.0,100.0,0.0,27.0,57.0
HEXA-B,38.0,86.0,13.0,52.0,38.0
LAGR-B,73.0,86.0,6.0,84.0,82.0
MYCR,79.0,95.0,23.0,69.0,88.0
NCAB,29.0,72.0,22.0,71.0,41.0
SINCH,48.0,22.0,38.0,91.0,45.0
TIETOS,32.0,39.0,57.0,53.0,31.0
TRUE-B,52.0,99.0,5.0,73.0,69.0
VIT-B,61.0,77.0,11.0,28.0,30.0
YUBICO,52.0,98.0,14.0,5.0,24.0
ERIC-A,68.0,54.0,43.0,20.0,34.0
ERIC-B,68.0,54.0,46.0,18.0,35.0
HMS,70.0,88.0,10.0,46.0,58.0
TEL2-A,47.0,84.0,45.0,42.0,61.0
TEL2-B,47.0,84.0,35.0,39.0,50.0
TELIA,43.0,71.0,52.0,26.0,40.0
ENITY,54.0,96.0,,20.0,
NORION,77.0,64.0,71.0,93.0,98.0
TFBANK,74.0,67.0,35.0,89.0,88.0
APOTEA,78.0,38.0,8.0,41.0,22.0
CLA-B,68.0,69.0,44.0,61.0,78.0
DUNI,45.0,55.0,68.0,42.0,54.0
HUMBLE,31.0,45.0,76.0,15.0,23.0
SCST,49.0,63.0,32.0,85.0,69.0
EOLU-B,99.0,78.0,76.0,80.0,99.0
MER,99.0,30.0,31.0,9.0,24.0
ORRON,14.0,37.0,69.0,39.0,19.0
BESQAB,2.0,31.0,60.0,60.0,16.0
BESQAB-PREF-B,2.0,31.0,70.0,72.0,29.0
BRIN-B,58.0,82.0,78.0,27.0,80.0
CIBUS,84.0,84.0,23.0,55.0,81.0
DIOS,35.0,82.0,70.0,22.0,53.0
EAST,95.0,90.0,13.0,43.0,77.0
EMIL-B,86.0,91.0,50.0,60.0,95.0
EMIL-PREF,86.0,91.0,83.0,52.0,98.0
GPG,89.0,79.0,52.0,13.0,71.0
HEBA-B,91.0,77.0,37.0,24.0,69.0
INTEA-B,73.0,89.0,21.0,70.0,84.0
INTEA-D,73.0,89.0,78.0,75.0,99.0
JOMA,81.0,85.0,47.0,43.0,85.0
KFAST-B,85.0,51.0,52.0,30.0,61.0
KLARA-B,87.0,80.0,69.0,30.0,88.0
LOGI-A,59.0,91.0,35.0,82.0,89.0
LOGI-B,59.0,91.0,32.0,81.0,87.0
NEOBO,43.0,44.0,94.0,62.0,78.0
NIVI-B,49.0,95.0,47.0,55.0,81.0
PLAZ-B,47.0,79.0,63.0,14.0,49.0
PRISMA,77.0,82.0,63.0,45.0,89.0
SBB-B,12.0,39.0,84.0,46.0,31.0
SBB-D,12.0,39.0,90.0,44.0,34.0
STEF-B,80.0,88.0,57.0,32.0,86.0
SFAST,33.0,80.0,59.0,57.0,69.0
SVEAF,91.0,47.0,64.0,90.0,96.0
SLP-B,80.0,93.0,36.0,48.0,86.0
TRIAN-B,78.0,77.0,62.0,23.0,76.0
CAT-A,15.0,27.0,54.0,62.0,18.0
CAT-B,15.0,27.0,59.0,71.0,26.0
CS,45.0,88.0,47.0,97.0,93.0
CRED-A,,99.0,48.0,67.0,
FLERIE,3.0,21.0,89.0,65.0,30.0
HOFI,49.0,87.0,55.0,51.0,78.0
INTRUM,35.0,36.0,77.0,97.0,80.0
LINC,,93.0,71.0,64.0,
RATO-A,71.0,57.0,65.0,52.0,80.0
RATO-B,71.0,57.0,63.0,58.0,82.0
RESURS,86.0,33.0,79.0,72.0,90.0
SVOL-A,9.0,69.0,44.0,25.0,14.0
SVOL-B,9.0,69.0,65.0,54.0,43.0
TRAC-B,8.0,97.0,70.0,40.0,59.0
VEFAB,61.0,16.0,56.0,49.0,32.0
VNV,,18.0,43.0,80.0,
ORES,15.0,95.0,79.0,87.0,92.0
AMBEA,56.0,63.0,35.0,88.0,78.0
ARJO-B,36.0,63.0,53.0,53.0,50.0
ATT,78.0,59.0,33.0,85.0,85.0
BACTI-B,56.0,49.0,13.0,8.0,8.0
BICO,17.0,37.0,89.0,51.0,41.0
BIOG-B,29.0,96.0,16.0,50.0,40.0
BINV,97.0,41.0,67.0,78.0,94.0
CEVI,74.0,96.0,16.0,34.0,62.0
CINPHA,,37.0,77.0,41.0,
HNSA,74.0,31.0,95.0,46.0,81.0
HUM,78.0,49.0,70.0,34.0,70.0
MCAP,47.0,90.0,9.0,88.0,72.0
RAY-B,84.0,98.0,6.0,95.0,94.0
SEDANA,72.0,42.0,85.0,14.0,57.0
XVIVO,71.0,81.0,12.0,24.0,37.0
ALIG,62.0,70.0,28.0,94.0,84.0
AQ,43.0,85.0,24.0,87.0,75.0
BERG-B,56.0,45.0,15.0,60.0,29.0
BTS-B,31.0,87.0,32.0,40.0,39.0
BUFAB,60.0,72.0,31.0,91.0,84.0
AJA-B,,76.0,22.0,46.0,
CCCAB,,,1.0,65.0,
CCC,11.0,64.0,1.0,65.0,12.0
COOR,36.0,46.0,39.0,86.0,51.0
CTT,5.0,98.0,18.0,80.0,48.0
ELAN-B,38.0,38.0,86.0,37.0,45.0
EPEN,23.0,77.0,25.0,63.0,37.0
EWRK,14.0,55.0,57.0,20.0,14.0
FAG,19.0,56.0,61.0,35.0,26.0
FG,66.0,53.0,81.0,73.0,91.0
FMM-B,70.0,69.0,44.0,83.0,88.0
GREEN,22.0,71.0,45.0,31.0,24.0
HANZA,61.0,59.0,23.0,89.0,71.0
INSTAL,25.0,65.0,49.0,27.0,22.0
IVSO,40.0,96.0,4.0,88.0,68.0
INWI,78.0,66.0,36.0,54.0,72.0
ITAB,51.0,53.0,47.0,59.0,54.0
KAR,55.0,51.0,9.0,94.0,53.0
MILDEF,89.0,44.0,5.0,51.0,38.0
MMGR-B,59.0,86.0,8.0,32.0,34.0
NMAN,32.0,69.0,35.0,14.0,15.0
NOTE,43.0,67.0,41.0,76.0,67.0
PCELL,88.0,24.0,69.0,29.0,54.0
REJL-B,57.0,69.0,36.0,76.0,74.0
SDIP-B,33.0,65.0,41.0,57.0,43.0
SDIP-PREF,33.0,65.0,79.0,63.0,76.0
VOLO,86.0,67.0,18.0,30.0,48.0
VOLO-PREF,86.0,67.0,38.0,46.0,73.0
XANO-B,82.0,51.0,27.0,88.0,82.0
ARISE,12.0,84.0,75.0,33.0,50.0
ARP,19.0,39.0,78.0,30.0,22.0
BEIA-B,59.0,76.0,20.0,93.0,82.0
NPAPER,58.0,92.0,67.0,95.0,98.0
RROS,30.0,35.0,89.0,12.0,22.0
VISC,90.0,52.0,84.0,9.0,73.0
ACAD,64.0,64.0,52.0,76.0,85.0
ALLIGO-B,37.0,59.0,45.0,25.0,22.0
BHG,64.0,24.0,54.0,60.0,49.0
BONAV-A,22.0,22.0,42.0,86.0,26.0
BONAV-B,22.0,22.0,43.0,83.0,25.0
BOOZT,70.0,64.0,44.0,36.0,58.0
BMAX,58.0,50.0,33.0,74.0,59.0
CLAS-B,77.0,87.0,12.0,96.0,91.0
G2M,23.0,85.0,53.0,17.0,30.0
KABE-B,16.0,53.0,37.0,20.0,8.0
MEKO,48.0,62.0,72.0,23.0,50.0
MTG-A,93.0,59.0,71.0,79.0,97.0
MTG-B,93.0,59.0,62.0,81.0,97.0
NOBI,30.0,23.0,39.0,93.0,34.0
PRFO,15.0,98.0,73.0,11.0,43.0
RVRC,38.0,95.0,33.0,58.0,65.0
RUSTA,66.0,77.0,18.0,65.0,67.0
SHOT,47.0,76.0,33.0,87.0,78.0
SKIS-B,37.0,92.0,26.0,31.0,35.0
SF,23.0,27.0,86.0,55.0,40.0
SYNSAM,68.0,89.0,39.0,94.0,96.0
VBG-B,20.0,74.0,51.0,58.0,49.0
VESTUM,26.0,47.0,64.0,26.0,21.0
CINT,37.0,55.0,6.0,74.0,26.0
DUST,49.0,17.0,88.0,2.0,18.0
DYVOX,89.0,94.0,3.0,94.0,93.0
ENEA,56.0,86.0,67.0,37.0,81.0
IAR-B,27.0,89.0,15.0,90.0,63.0
KNOW,24.0,36.0,48.0,26.0,10.0
LIME,67.0,92.0,6.0,57.0,63.0
PRIC-B,14.0,63.0,80.0,8.0,22.0
PACT,38.0,65.0,38.0,15.0,18.0
HTRO,67.0,68.0,72.0,4.0,55.0
NETI-B,15.0,75.0,21.0,59.0,25.0
VPLAY-A,27.0,22.0,49.0,70.0,24.0
VPLAY-B,27.0,22.0,86.0,63.0,44.0
MSON-A,25.0,42.0,48.0,46.0,20.0
MSON-B,25.0,42.0,73.0,50.0,39.0
CTEK,29.0,50.0,43.0,65.0,36.0
MAHA-A,37.0,42.0,63.0,8.0,15.0
ACRI-A,82.0,80.0,78.0,92.0,99.0
ACRI-B,82.0,80.0,80.0,79.0,99.0
ANNE-B,41.0,74.0,73.0,28.0,60.0
FASTAT,6.0,24.0,90.0,12.0,9.0
K2A-B,39.0,46.0,58.0,24.0,23.0
K2A-PREF,39.0,46.0,58.0,30.0,27.0
HAV-B,99.0,72.0,77.0,55.0,97.0
MANG,24.0,57.0,14.0,39.0,10.0
NAXS,100.0,86.0,90.0,73.0,100.0
QLIRO,52.0,21.0,48.0,34.0,17.0
SEAF,30.0,32.0,64.0,73.0,45.0
STWK,38.0,55.0,94.0,35.0,63.0
SFAB,28.0,96.0,65.0,60.0,82.0
ACTI,,5.0,6.0,96.0,
ATORX,1.0,5.0,98.0,20.0,7.0
ACE,,7.0,58.0,72.0,
BOUL,13.0,39.0,54.0,92.0,44.0
CRAD-B,41.0,89.0,30.0,60.0,62.0
CANTA,,5.0,55.0,3.0,
CARA,83.0,49.0,19.0,83.0,72.0
DEDI,20.0,55.0,75.0,38.0,37.0
EGTX,51.0,28.0,15.0,57.0,16.0
EPIS-B,92.0,5.0,88.0,2.0,36.0
EQL,91.0,86.0,10.0,54.0,77.0
IMMNOV,24.0,30.0,53.0,68.0,29.0
IBT-B,,10.0,19.0,34.0,
IRLAB-A,,1.0,45.0,2.0,
ISOFOL,,10.0,74.0,10.0,
KDEV,67.0,58.0,95.0,28.0,82.0
MVIR,75.0,9.0,70.0,45.0,45.0
IMMU,5.0,18.0,93.0,30.0,14.0
MOB,98.0,32.0,94.0,31.0,85.0
NICA,96.0,2.0,72.0,27.0,43.0
ONCO,97.0,45.0,96.0,96.0,100.0
ORX,51.0,43.0,96.0,79.0,90.0
QLINEA,96.0,3.0,93.0,33.0,66.0
SANION,92.0,100.0,19.0,75.0,95.0
SEZI,95.0,12.0,73.0,51.0,70.0
SYNACT,,11.0,58.0,97.0,
VICO,0.0,43.0,75.0,30.0,15.0
VIVE,,16.0,85.0,39.0,
XBRANE,98.0,31.0,56.0,50.0,73.0
XSPRAY,,11.0,71.0,80.0,
ARPL,64.0,68.0,47.0,59.0,74.0
BALCO,35.0,29.0,79.0,43.0,35.0
BERNER-B,60.0,71.0,25.0,40.0,43.0
BONG,19.0,30.0,85.0,25.0,19.0
CNCJO-B,24.0,33.0,54.0,25.0,10.0
ELTEL,35.0,39.0,3.0,98.0,29.0
FNM,47.0,22.0,83.0,21.0,27.0
HAKI-A,59.0,52.0,46.0,33.0,39.0
HAKI-B,59.0,52.0,59.0,11.0,31.0
IS,45.0,65.0,65.0,22.0,43.0
INFREA,83.0,37.0,65.0,87.0,91.0
INISS-B,8.0,57.0,52.0,46.0,21.0
KARNEL-B,91.0,76.0,34.0,76.0,93.0
MEAB-B,23.0,34.0,76.0,48.0,31.0
NETEL,47.0,50.0,86.0,34.0,60.0
NGS,17.0,10.0,83.0,18.0,9.0
PION-B,15.0,12.0,62.0,14.0,3.0
PENG-B,12.0,61.0,76.0,89.0,74.0
RAIL,40.0,78.0,49.0,55.0,63.0
SINT,45.0,99.0,36.0,52.0,71.0
SVIK,57.0,44.0,15.0,97.0,57.0
SVED-B,52.0,78.0,41.0,82.0,84.0
TRANS,75.0,55.0,65.0,83.0,93.0
WTW-A,22.0,52.0,56.0,10.0,12.0
WISE,14.0,29.0,49.0,39.0,9.0
WBGR-B,86.0,16.0,86.0,51.0,75.0
BEGR,18.0,26.0,89.0,16.0,15.0
DURC-B,74.0,45.0,56.0,44.0,62.0
NORB-B,63.0,41.0,81.0,60.0,80.0
PROF-B,77.0,65.0,50.0,75.0,89.0
ATIC,55.0,61.0,11.0,99.0,67.0
BORG,75.0,88.0,46.0,65.0,92.0
BULTEN,13.0,45.0,80.0,21.0,19.0
CTM,8.0,19.0,73.0,23.0,7.0
ELON,47.0,38.0,83.0,35.0,49.0
EG7,59.0,45.0,77.0,59.0,76.0
ENRO,76.0,74.0,82.0,88.0,99.0
G5EN,12.0,92.0,75.0,41.0,62.0
LAMM-B,41.0,30.0,72.0,73.0,60.0
MOMENT,49.0,34.0,9.0,15.0,3.0
NELLY,65.0,92.0,23.0,85.0,88.0
NIL-B,49.0,83.0,43.0,75.0,83.0
PIERCE,66.0,41.0,62.0,44.0,57.0
STAR-A,75.0,2.0,88.0,57.0,63.0
STAR-B,75.0,2.0,92.0,13.0,32.0
ANOT,5.0,19.0,71.0,14.0,4.0
B3,67.0,64.0,68.0,16.0,59.0
FING-B,95.0,3.0,93.0,2.0,41.0
FPIP,83.0,61.0,21.0,48.0,57.0
GARO,26.0,35.0,43.0,42.0,14.0
MSAB-B,43.0,98.0,24.0,91.0,85.0
SAFETY-B,63.0,40.0,59.0,80.0,78.0
NTEK-B,41.0,96.0,20.0,92.0,82.0
PREC,27.0,42.0,79.0,12.0,20.0
PREV-B,38.0,71.0,67.0,23.0,45.0
SGG,78.0,43.0,77.0,25.0,64.0
SIVE,91.0,40.0,87.0,70.0,95.0
SLEEP,59.0,97.0,43.0,19.0,61.0
SOF-B,42.0,77.0,56.0,63.0,74.0
TOBII,79.0,47.0,75.0,100.0,97.0
TRAD,77.0,37.0,78.0,57.0,82.0
DORO,67.0,82.0,58.0,48.0,85.0
OVZON,84.0,23.0,12.0,96.0,59.0
LEA,45.0,53.0,92.0,37.0,67.0
CHEF,84.0,58.0,66.0,49.0,86.0
VIVA,27.0,57.0,48.0,38.0,25.0
CLIME-B,5.0,2.0,94.0,37.0,11.0
HEXI,99.0,13.0,91.0,23.0,67.0
MIDS,9.0,11.0,66.0,72.0,18.0
AGROUP,22.0,19.0,87.0,13.0,12.0
FNOVA-B,44.0,76.0,89.0,31.0,76.0
STUDBO,63.0,82.0,86.0,63.0,96.0
NAVIGO-STAM,45.0,31.0,97.0,48.0,63.0
NAVIGO-PREF,45.0,31.0,56.0,77.0,53.0
VER,41.0,69.0,4.0,45.0,19.0
ACARIX,64.0,33.0,4.0,94.0,42.0
ADDV-A,29.0,73.0,81.0,8.0,40.0
ADDV-B,29.0,73.0,85.0,44.0,70.0
ALZCUR,,4.0,49.0,90.0,
BIOVIC-B,80.0,32.0,72.0,34.0,61.0
DVYSR,59.0,37.0,6.0,86.0,37.0
IMP-A-SDB,81.0,15.0,41.0,96.0,71.0
KAN,,9.0,56.0,53.0,
NANOFS,89.0,41.0,3.0,51.0,33.0
PTRK,35.0,18.0,35.0,86.0,28.0
SPEC,,17.0,96.0,11.0,
SPRINT,15.0,17.0,41.0,41.0,5.0
BYGGP,65.0,50.0,52.0,59.0,67.0
KBC,72.0,61.0,39.0,17.0,38.0
NYAB,93.0,60.0,17.0,35.0,50.0
QBEN,,14.0,53.0,11.0,
QAIR,20.0,50.0,69.0,89.0,68.0
QSYS,46.0,93.0,40.0,64.0,78.0
SALT-B,1.0,2.0,7.0,97.0,3.0
TAGM-B,42.0,53.0,33.0,81.0,53.0
TSEC,67.0,8.0,41.0,73.0,38.0
NEXAM,27.0,35.0,25.0,66.0,16.0
AGES-B,12.0,20.0,48.0,32.0,5.0
DRIL,30.0,81.0,74.0,43.0,68.0
GRANGX,,,1.0,44.0,
ACROUD,48.0,41.0,42.0,23.0,17.0
BOKUS,61.0,52.0,70.0,91.0,92.0
EMBELL,57.0,87.0,59.0,50.0,84.0
LYKO-A,84.0,56.0,13.0,92.0,80.0
MAGI,23.0,52.0,68.0,98.0,77.0
PDX,41.0,95.0,14.0,19.0,24.0
RAKE,5.0,21.0,62.0,8.0,2.0
RUG,71.0,77.0,28.0,88.0,88.0
THUNDR,19.0,23.0,91.0,4.0,11.0
ZZ-B,89.0,81.0,8.0,99.0,93.0
4C,77.0,47.0,39.0,87.0,83.0
ACAST,84.0,37.0,75.0,80.0,92.0
ADVE,93.0,90.0,2.0,82.0,89.0
AVEN,84.0,76.0,37.0,85.0,94.0
BRIGHT,9.0,3.0,92.0,1.0,3.0
CAG,39.0,67.0,49.0,54.0,53.0
CX,49.0,61.0,53.0,90.0,84.0
DEVP-B,11.0,60.0,79.0,14.0,21.0
DIST,12.0,25.0,93.0,22.0,16.0
FRACTL,51.0,70.0,29.0,95.0,80.0
FREJA,80.0,29.0,99.0,76.0,94.0
GIG-SDB,62.0,34.0,53.0,51.0,47.0
MNTC,75.0,46.0,24.0,4.0,15.0
ONEF,80.0,6.0,60.0,32.0,30.0
PRCO-B,12.0,43.0,43.0,65.0,21.0
TERRNT-B,92.0,4.0,13.0,29.0,11.0
AAC,43.0,48.0,33.0,98.0,63.0
GOMX,93.0,11.0,46.0,98.0,82.0
AGTIRA-B,96.0,8.0,34.0,94.0,71.0
ARCTIC,68.0,18.0,98.0,31.0,59.0
DUG,99.0,16.0,25.0,42.0,32.0
HAYPP,74.0,53.0,12.0,99.0,74.0
HERNO-B,,14.0,,88.0,
HIGHCO-B,,14.0,,66.0,
INT,94.0,99.0,28.0,100.0,99.0
NNH,63.0,52.0,67.0,77.0,86.0
NICO,91.0,19.0,27.0,36.0,27.0
SNX,79.0,71.0,9.0,84.0,78.0
SIMRIS-B,3.0,18.0,100.0,77.0,44.0
SKMO,18.0,58.0,21.0,83.0,31.0
SECARE,44.0,57.0,24.0,84.0,53.0
AEC,,15.0,7.0,17.0,
CIRCLE-B,,14.0,,99.0,
META,99.0,1.0,68.0,79.0,81.0
MINEST,27.0,28.0,62.0,71.0,37.0
STW,3.0,51.0,51.0,81.0,35.0
SNM,92.0,97.0,4.0,80.0,91.0
SOLT,25.0,22.0,88.0,7.0,13.0
ALM,69.0,16.0,91.0,38.0,58.0
ALM-PREF,69.0,16.0,95.0,55.0,73.0
ATIN,2.0,27.0,88.0,6.0,7.0
BOHO,9.0,20.0,40.0,7.0,1.0
BOHO-PREF,9.0,20.0,27.0,48.0,3.0
BONAS,49.0,62.0,84.0,15.0,54.0
DOXA,6.0,43.0,96.0,14.0,19.0
HEIM-PREF,42.0,79.0,98.0,66.0,95.0
KAPIAB,55.0,96.0,77.0,77.0,98.0
LINKAB,14.0,68.0,71.0,41.0,41.0
SOLNA,55.0,84.0,86.0,59.0,94.0
TINGS-A,73.0,87.0,90.0,24.0,92.0
TINGS-B,73.0,87.0,92.0,29.0,93.0
TINGS-PREF,73.0,87.0,51.0,81.0,96.0
TITA-B,85.0,97.0,87.0,80.0,100.0
ALPCOT-B,93.0,55.0,48.0,76.0,91.0
BMC,58.0,80.0,2.0,73.0,57.0
CASE,89.0,82.0,46.0,89.0,98.0
FIRST-B,,23.0,94.0,75.0,
FLAT-B,,99.0,49.0,79.0,
MTI,7.0,35.0,2.0,93.0,11.0
NAIG-B,,21.0,94.0,8.0,
NFGAB,52.0,27.0,65.0,7.0,16.0
SFL,42.0,26.0,26.0,55.0,15.0
YIELD,20.0,34.0,81.0,33.0,24.0
VH,2.0,49.0,33.0,42.0,8.0
WRV,,8.0,95.0,12.0,
2CUREX,3.0,4.0,2.0,93.0,3.0
ACOU,22.0,23.0,48.0,19.0,5.0
AINO,79.0,7.0,100.0,88.0,92.0
ALZ,96.0,38.0,79.0,11.0,65.0
ANNX,,4.0,19.0,10.0,
ARCOMA,15.0,79.0,59.0,27.0,31.0
BIOSGN,,10.0,72.0,57.0,
BRAIN,77.0,11.0,14.0,20.0,7.0
CRNO-B,13.0,30.0,51.0,34.0,9.0
CMH,32.0,29.0,80.0,3.0,13.0
CMH-PREF,32.0,29.0,95.0,46.0,49.0
CLS-B,88.0,17.0,82.0,68.0,85.0
CLBIO,4.0,29.0,28.0,98.0,19.0
DMYD-B,,9.0,25.0,19.0,
DICOT,,6.0,8.0,92.0,
ELIC,1.0,41.0,8.0,61.0,4.0
ELN,35.0,33.0,40.0,45.0,16.0
ERMA,,3.0,4.0,8.0,
ENZY,84.0,24.0,62.0,68.0,74.0
EXPRS2,94.0,20.0,76.0,82.0,91.0
FLUI,99.0,22.0,87.0,2.0,54.0
FLUO,87.0,32.0,40.0,26.0,34.0
GABA,,8.0,2.0,10.0,
GENO,10.0,93.0,7.0,90.0,47.0
GUARD,,4.0,60.0,65.0,
ICO,14.0,28.0,92.0,40.0,28.0
IDLDX,75.0,9.0,74.0,12.0,25.0
INIT,,9.0,45.0,2.0,
INTEG-B,42.0,34.0,24.0,55.0,17.0
IVACC,95.0,14.0,81.0,23.0,57.0
IZAFE-B,3.0,7.0,10.0,95.0,5.0
KLAR,100.0,37.0,1.0,18.0,18.0
KONT,22.0,61.0,38.0,16.0,11.0
LIDDS,,7.0,57.0,67.0,
LPGO,,0.0,84.0,81.0,
LIPUM,,7.0,0.0,12.0,
LARK,2.0,11.0,90.0,22.0,8.0
MAGLE,96.0,66.0,70.0,9.0,77.0
MAGNA,,10.0,97.0,1.0,
MEDHLP,52.0,78.0,28.0,98.0,85.0
MODTX,,4.0,95.0,43.0,
NANEXA,6.0,26.0,40.0,94.0,22.0
NANECH,,42.0,81.0,1.0,
NEOLA,8.0,38.0,43.0,41.0,9.0
NEWBRY,98.0,25.0,67.0,25.0,59.0
NXTCL,88.0,8.0,62.0,11.0,24.0
ONCOZ,,28.0,56.0,43.0,
ORTI-A,16.0,10.0,100.0,72.0,44.0
ORTI-B,16.0,10.0,99.0,9.0,10.0
ORT-B,98.0,71.0,22.0,97.0,95.0
OSSD,92.0,39.0,58.0,79.0,89.0
PAX,68.0,88.0,18.0,72.0,81.0
PERP-B,96.0,13.0,25.0,76.0,54.0
PILA,1.0,32.0,4.0,36.0,1.0
PILA-BTU,,,,,
PRO,64.0,43.0,17.0,3.0,8.0
PLUN,56.0,20.0,97.0,0.0,27.0
PROGEN,1.0,6.0,95.0,1.0,3.0
QLIFE,,12.0,98.0,68.0,
QUIA,,29.0,94.0,1.0,
S2M,88.0,99.0,88.0,71.0,100.0
SDOS,45.0,56.0,66.0,36.0,49.0
CMOTEC-B,94.0,12.0,6.0,69.0,31.0
HEART,99.0,41.0,93.0,7.0,76.0
SCOL,,4.0,90.0,20.0,
SCIB,89.0,12.0,64.0,45.0,54.0
SENZA,32.0,31.0,78.0,44.0,34.0
SPAGO,54.0,5.0,60.0,67.0,35.0
STABL,,34.0,32.0,10.0,
STIL,47.0,82.0,27.0,79.0,73.0
SUS,83.0,74.0,29.0,52.0,74.0
TOL,61.0,13.0,84.0,38.0,43.0
XINT,5.0,46.0,100.0,24.0,29.0
XPC,95.0,44.0,31.0,92.0,87.0
ABSO,11.0,77.0,27.0,66.0,31.0
ACUVI,45.0,81.0,80.0,58.0,88.0
AXOLOT,97.0,44.0,52.0,90.0,94.0
BAWAT,4.0,0.0,99.0,7.0,4.0
BOMILL,14.0,15.0,17.0,14.0,1.0
CALVIK,52.0,56.0,68.0,9.0,34.0
CARE,25.0,68.0,62.0,40.0,42.0
CI,3.0,3.0,92.0,0.0,2.0
DLAB,32.0,9.0,12.0,31.0,2.0
ESGR-B,85.0,25.0,83.0,15.0,52.0
FERRO,7.0,1.0,44.0,2.0,0.0
FIRE,50.0,90.0,28.0,65.0,71.0
FLEXQ,15.0,24.0,62.0,54.0,17.0
FREEM,10.0,28.0,73.0,99.0,54.0
GPX,6.0,37.0,14.0,15.0,1.0
GOTL-A,92.0,48.0,30.0,66.0,73.0
GOTL-B,92.0,48.0,30.0,65.0,73.0
GGEO,88.0,64.0,81.0,51.0,94.0
HEGR,64.0,29.0,95.0,2.0,39.0
HELIO,3.0,2.0,66.0,6.0,1.0
HILB-B,,14.0,,100.0,
IDUN-B,75.0,70.0,9.0,65.0,62.0
LXB,99.0,23.0,43.0,10.0,29.0
LYGRD,41.0,22.0,15.0,91.0,24.0
MANTEX,3.0,34.0,85.0,21.0,13.0
NEPA,18.0,18.0,69.0,80.0,34.0
NJOB,,95.0,75.0,31.0,
LEVEL,78.0,37.0,74.0,78.0,89.0
NOTEK,97.0,84.0,34.0,98.0,99.0
OGUN-B,16.0,66.0,68.0,12.0,20.0
OPTI,90.0,26.0,90.0,22.0,68.0
OXE,83.0,11.0,81.0,27.0,49.0
PCOM-B,20.0,49.0,81.0,14.0,21.0
RLOS-B,3.0,15.0,43.0,55.0,6.0
RO,13.0,25.0,69.0,93.0,47.0
SAXG,7.0,26.0,73.0,15.0,7.0
SES,1.0,45.0,78.0,5.0,9.0
SERT,86.0,35.0,46.0,7.0,28.0
SIBEK,18.0,88.0,29.0,48.0,33.0
SILEON,4.0,5.0,93.0,19.0,7.0
SEYE,51.0,39.0,79.0,93.0,87.0
SUMMAS,,14.0,,6.0,
TEQ,73.0,74.0,28.0,49.0,65.0
TERNOR,,14.0,51.0,,
TRAIN-B,70.0,54.0,29.0,60.0,57.0
VSSAB-B,27.0,48.0,83.0,45.0,49.0
VIMAB,17.0,6.0,2.0,4.0,0.0
W5,26.0,42.0,17.0,59.0,13.0
WPAY,61.0,44.0,5.0,99.0,53.0
AXIC-A,98.0,30.0,34.0,95.0,86.0
CINIS,100.0,3.0,83.0,0.0,35.0
CLEM,82.0,59.0,30.0,42.0,57.0
ITECH,89.0,95.0,12.0,75.0,90.0
IMPC,97.0,32.0,78.0,74.0,93.0
LCLEAN,28.0,15.0,93.0,4.0,12.0
ORGC,27.0,17.0,59.0,38.0,12.0
PCAT,10.0,26.0,17.0,33.0,2.0
POLYG,72.0,53.0,26.0,88.0,75.0
AERO,97.0,39.0,97.0,11.0,79.0
TRIBO-B,74.0,19.0,51.0,25.0,24.0
CIRCHE,96.0,50.0,57.0,9.0,56.0
DE,21.0,96.0,55.0,37.0,53.0
GIGA,66.0,48.0,88.0,32.0,72.0
MASHUP,81.0,11.0,99.0,3.0,41.0
ARCT,,14.0,76.0,83.0,
BIOEX,10.0,7.0,16.0,70.0,3.0
BOTX,,75.0,32.0,17.0,
DMXSE-SDB,,17.0,0.0,100.0,
FNMC-SDB,,6.0,1.0,18.0,
LEMSE,,20.0,7.0,52.0,
LUC,14.0,91.0,63.0,5.0,27.0
NIO,,21.0,83.0,4.0,
ADVBOX,10.0,8.0,92.0,1.0,4.0
BBROOM,42.0,37.0,79.0,85.0,78.0
CANDLE-B,70.0,25.0,34.0,71.0,47.0
CDON,18.0,39.0,89.0,21.0,23.0
CEDER,77.0,58.0,34.0,61.0,69.0
CLEMO,92.0,9.0,63.0,75.0,75.0
DSNO,25.0,60.0,89.0,25.0,45.0
ALBERT,32.0,16.0,84.0,20.0,16.0
ELLWEE,16.0,65.0,22.0,52.0,17.0
EMB,96.0,44.0,28.0,20.0,37.0
ENVAR,94.0,90.0,22.0,95.0,97.0
FRAG,8.0,18.0,31.0,77.0,10.0
FSPORT,5.0,25.0,86.0,79.0,42.0
GCOR,94.0,1.0,8.0,98.0,48.0
GBK,90.0,36.0,95.0,16.0,73.0
HOTEL,43.0,22.0,98.0,68.0,70.0
KAKEL,71.0,28.0,92.0,18.0,53.0
KAMBI,17.0,90.0,8.0,84.0,45.0
BRAVE,,14.0,,13.0,
KJELL,30.0,42.0,83.0,83.0,74.0
MOBA,35.0,42.0,87.0,6.0,25.0
MAV,2.0,10.0,97.0,1.0,4.0
MAXENT-B,12.0,14.0,94.0,3.0,7.0
NANOC-B,63.0,19.0,92.0,16.0,39.0
BOAT,20.0,21.0,86.0,19.0,14.0
NITRO,21.0,86.0,41.0,25.0,27.0
NREST,54.0,83.0,27.0,96.0,87.0
NBZ,84.0,23.0,88.0,42.0,73.0
OBAB,74.0,45.0,57.0,12.0,37.0
QIIWI,16.0,36.0,64.0,27.0,13.0
REALFI,5.0,28.0,26.0,6.0,1.0
REFINE,8.0,7.0,97.0,5.0,6.0
SBOK,85.0,76.0,83.0,61.0,98.0
SCOUT,91.0,26.0,26.0,97.0,76.0
SKOLON,87.0,18.0,9.0,73.0,36.0
SOZAP,10.0,32.0,92.0,77.0,55.0
STORY-B,56.0,82.0,62.0,86.0,95.0
BUY,,14.0,,8.0,
SODER,67.0,64.0,32.0,83.0,81.0
TELLUS,64.0,59.0,100.0,7.0,69.0
TOURN,30.0,3.0,47.0,6.0,2.0
UTG,63.0,64.0,22.0,69.0,61.0
USWE,79.0,33.0,69.0,96.0,93.0
ACCON,77.0,33.0,25.0,77.0,56.0
PADEL,,14.0,,5.0,
ADTR,36.0,24.0,84.0,17.0,20.0
AVT-B,81.0,97.0,14.0,78.0,90.0
BUSER,19.0,25.0,86.0,33.0,21.0
BEAMMW-B,71.0,32.0,16.0,86.0,50.0
BIM,62.0,18.0,62.0,23.0,22.0
BINERO,13.0,50.0,58.0,18.0,12.0
BRILL,36.0,21.0,46.0,43.0,14.0
CHARGE,16.0,1.0,11.0,92.0,6.0
CHECK,23.0,20.0,34.0,3.0,2.0
CLAV,78.0,48.0,100.0,68.0,96.0
CDMIL,15.0,94.0,30.0,50.0,38.0
COMPDM,88.0,36.0,76.0,23.0,64.0
CFISH,4.0,2.0,17.0,88.0,4.0
DIAH,10.0,29.0,62.0,15.0,6.0
DIVIO-B,87.0,8.0,5.0,28.0,9.0
DONE,1.0,76.0,96.0,63.0,73.0
ENERS,9.0,6.0,,20.0,
EXS,65.0,70.0,18.0,63.0,60.0
FLEXM,28.0,19.0,3.0,70.0,6.0
FLOWS,58.0,40.0,21.0,30.0,15.0
FRAM-B,19.0,2.0,10.0,25.0,0.0
GENI,68.0,88.0,21.0,37.0,58.0
GREAT,3.0,13.0,38.0,3.0,1.0
HDW-B,86.0,4.0,74.0,16.0,31.0
HIFA-B,35.0,94.0,43.0,40.0,56.0
INSP,33.0,35.0,83.0,22.0,27.0
IRIS,10.0,25.0,92.0,10.0,11.0
JLT,48.0,30.0,73.0,5.0,18.0
K33,97.0,12.0,1.0,79.0,38.0
KENH,81.0,50.0,38.0,62.0,70.0
KLIMAT,37.0,6.0,0.0,69.0,5.0
LITI,55.0,52.0,18.0,97.0,63.0
LOYAL,26.0,12.0,98.0,3.0,12.0
MODEL,65.0,1.0,12.0,87.0,22.0
NEO-B,,14.0,,4.0,
NOSA,90.0,27.0,3.0,20.0,12.0
OBSE,,14.0,,86.0,
OODA,95.0,41.0,55.0,63.0,84.0
OPTER,54.0,95.0,19.0,35.0,49.0
QLOSR-B,0.0,24.0,89.0,5.0,6.0
QCORE,10.0,5.0,97.0,3.0,5.0
RPLAN,28.0,34.0,99.0,32.0,41.0
RIGHTB,6.0,46.0,98.0,36.0,35.0
SFTR,63.0,48.0,11.0,16.0,11.0
SONE,54.0,27.0,38.0,99.0,61.0
SPEONE,4.0,56.0,75.0,6.0,12.0
SPOTR,9.0,0.0,67.0,21.0,2.0
TENEO,87.0,5.0,96.0,78.0,88.0
UNIBAP,81.0,69.0,32.0,86.0,89.0
UPSALE,28.0,94.0,27.0,67.0,60.0
VERT-B,54.0,62.0,20.0,91.0,67.0
VO2,35.0,17.0,67.0,55.0,28.0
VUXEN,49.0,51.0,67.0,9.0,29.0
WPTG-B,81.0,58.0,65.0,88.0,96.0
XMR,10.0,1.0,77.0,26.0,5.0
ZAPLOX,80.0,1.0,21.0,26.0,9.0
ALCA,28.0,47.0,80.0,72.0,67.0
BAHN-B,58.0,79.0,23.0,82.0,78.0
BRE2,55.0,71.0,36.0,64.0,67.0
EFFH,,14.0,,46.0,
GAPW-B,91.0,7.0,60.0,39.0,43.0
INCOAX,23.0,34.0,80.0,13.0,15.0
KEBNI-B,35.0,56.0,5.0,99.0,42.0
LUMEN,37.0,85.0,28.0,7.0,18.0
MAVEN,27.0,40.0,13.0,48.0,9.0
TALK,75.0,82.0,29.0,90.0,92.0
TESSIN,8.0,6.0,98.0,7.0,6.0
WAYS,63.0,35.0,24.0,94.0,60.0
WYLD,87.0,8.0,36.0,1.0,9.0
